 -0.014,  0.011, -0.014,0
 -0.889, -0.711,  0.006,0
 -0.615,  0.616, -0.528,0
 -0.508, -0.017, -0.309,0
 -0.997, -0.230, -0.287,0
 -0.287, -0.377, -0.135,0
 -0.640, -0.600, -0.360,0
 -0.193,  0.121,  0.161,0
 -0.475,  0.506, -0.032,0
 -0.684,  0.324,  0.389,0
 -0.864,  0.215,  0.114,0
 -0.960,  0.676, -0.710,0
 -0.134, -0.011,  0.151,0
 -0.122,  0.075,  0.140,0
 -0.227,  0.389,  0.081,0
 -0.367,  0.169,  0.086,0
 -0.486, -0.467,  0.579,0
 -0.595, -0.881,  0.467,0
 -0.758, -0.613,  0.333,0
 -0.820, -0.412,  0.335,0
 -0.921, -0.332,  0.148,0
 -0.076, -0.454,  0.089,0
 -0.151, -0.330,  0.001,0
 -0.118, -0.125, -0.046,0
 -0.182, -0.407,  0.062,0
 -0.164,  0.124, -0.082,0
 -0.227,  0.080, -0.232,0
 -0.226, -0.053, -0.020,0
 -0.115,  0.135,  0.078,0
 -0.138,  0.190,  0.153,0
 -0.182,  0.106,  0.325,0
 -0.171,  0.373,  0.116,0
 -0.143,  0.246,  0.298,0
 -0.100,  0.169,  0.379,0
 -0.076,  0.526, -0.177,0
 -0.059,  0.413,  0.029,0
 -0.021,  0.847, -0.137,0
 -0.049,  0.607, -0.029,0
 -0.013,  0.673,  0.276,0
 -0.098,  0.687,  0.040,0
 -0.119,  0.391, -0.170,0
 -0.112,  0.222,  0.062,0
 -0.150, -0.075,  0.178,0
 -0.161, -0.183,  0.271,0
 -0.237, -0.556,  0.479,0
 -0.316, -0.662,  0.154,0
 -0.287, -0.140, -0.436,0
 -0.303, -0.500,  0.032,0
 -0.302, -0.373,  0.111,0
 -0.293, -0.335, -0.274,0
 -0.316, -0.431, -0.148,0
 -0.301, -0.382,  0.006,0
 -0.366, -0.010, -0.388,0
 -0.343,  0.142, -0.189,0
 -0.318, -0.160,  0.056,0
 -0.324,  0.212, -0.033,0
 -0.275,  0.453,  0.026,0
 -0.275,  0.114,  0.158,0
 -0.280,  0.030,  0.381,0
 -0.396, -0.395,  0.107,0
 -0.448, -0.601,  0.266,0
 -0.318, -0.424, -0.016,0
 -0.358, -0.664,  0.144,0
 -0.315, -0.517,  0.242,0
 -0.313, -0.423,  0.153,0
 -0.276, -0.118,  0.088,0
 -0.302,  0.027, -0.242,0
 -0.299, -0.304, -0.245,0
 -0.283, -0.133, -0.717,0
 -0.305, -0.280, -0.455,0
 -0.308, -0.332, -0.265,0
 -0.206, -0.080, -0.322,0
 -0.254, -0.148, -0.079,0
 -0.345,  0.099, -0.259,0
 -0.296, -0.194, -0.024,0
 -0.230, -0.307,  0.196,0
 -0.215, -0.076,  0.131,0
 -0.192, -0.177,  0.296,0
 -0.190, -0.224,  0.151,0
 -0.220, -0.358,  0.317,0
 -0.206, -0.080,  0.219,0
 -0.207, -0.351,  0.259,0
 -0.152, -0.173,  0.090,0
 -0.203, -0.531,  0.363,0
 -0.160, -0.204, -0.155,0
 -0.098,  0.160, -0.173,0
 -0.055,  0.007, -0.228,0
 -0.094,  0.336, -0.224,0
 -0.115,  0.310, -0.353,0
 -0.122,  0.060, -0.294,0
 -0.125, -0.417, -0.103,0
 -0.099, -0.116, -0.208,0
 -0.108, -0.133, -0.035,0
 -0.186, -0.007,  0.190,0
 -0.247,  0.155, -0.018,0
 -0.236,  0.074,  0.030,0
 -0.249,  0.396, -0.455,0
 -0.184,  0.479, -0.216,0
 -0.152,  0.223, -0.128,0
 -0.113,  0.589,  0.004,0
 -0.142,  0.654, -0.359,0
 -0.162,  0.490, -0.167,0
 -0.151, -0.206,  0.286,0
 -0.056,  0.412, -0.209,0
 -0.177,  0.336, -0.129,0
 -0.174,  0.075,  0.087,0
 -0.251, -0.179, -0.064,0
 -0.131,  0.202, -0.115,0
 -0.011,  0.321,  0.038,0
 -0.132,  0.258, -0.181,0
  0.011, -0.050,  0.005,0
  0.068,  0.298, -0.129,0
 -0.002, -0.235,  0.106,0
 -0.064, -0.132,  0.177,0
  0.007,  0.224,  0.151,0
 -0.098,  0.131, -0.320,0
 -0.100,  0.159, -0.074,0
 -0.080, -0.054,  0.114,0
 -0.111, -0.045,  0.076,0
 -0.075,  0.181,  0.003,0
 -0.151,  0.121,  0.065,0
 -0.164,  0.380,  0.212,0
 -0.030,  0.537,  0.045,0
  0.004,  0.640,  0.254,0
  0.004,  0.499,  0.150,0
 -0.028,  0.726,  0.194,0
 -0.055,  0.377,  0.406,0
 -0.019,  0.239,  0.324,0
 -0.009,  0.390, -0.125,0
 -0.039, -0.117,  0.105,0
 -0.031, -0.247,  0.011,0
 -0.058, -0.395, -0.003,0
 -0.034, -0.369,  0.116,0
 -0.052, -0.334, -0.200,0
 -0.130, -0.129, -0.157,0
 -0.052, -0.114, -0.086,0
 -0.068,  0.163, -0.418,0
  0.025, -0.026, -0.025,0
 -0.070,  0.128,  0.125,0
 -0.040,  0.155,  0.142,0
 -0.029,  0.291, -0.126,0
 -0.003,  0.191,  0.104,0
  0.033, -0.052,  0.078,0
 -0.046, -0.269,  0.175,0
 -0.100, -0.332,  0.118,0
  0.013, -0.111, -0.025,0
  0.007, -0.174, -0.060,0
  0.007,  0.546, -0.695,0
  0.050,  0.298, -0.323,0
  0.044,  0.071,  0.074,0
  0.018, -0.018,  0.199,0
  0.018, -0.015,  0.245,0
  0.010,  0.230,  0.133,0
 -0.018,  0.203,  0.335,0
  0.056,  0.547,  0.060,0
 -0.022,  0.386,  0.189,0
 -0.049,  0.532,  0.225,0
 -0.108,  0.535, -0.052,0
 -0.119,  0.546, -0.247,0
 -0.093, -0.003,  0.047,0
 -0.034,  0.024, -0.030,0
 -0.014, -0.147, -0.121,0
  0.017,  0.085, -0.064,0
  0.006,  0.072,  0.187,0
 -0.014, -0.056,  0.175,0
 -0.012, -0.139,  0.382,0
 -0.078,  0.030,  0.134,0
 -0.083, -0.374,  0.344,0
 -0.036, -0.169,  0.228,0
 -0.050, -0.162,  0.339,0
 -0.102,  0.048, -0.036,0
 -0.058,  0.359, -0.660,0
 -0.099, -0.082, -0.279,0
 -0.118,  0.102, -0.344,0
 -0.089,  0.116, -0.137,0
 -0.043,  0.200, -0.068,0
 -0.030,  0.253, -0.178,0
 -0.015,  0.195, -0.043,0
  0.003,  0.138,  0.028,0
 -0.025,  0.153,  0.149,0
 -0.082,  0.144,  0.182,0
 -0.100,  0.142,  0.127,0
 -0.124, -0.121,  0.185,0
 -0.119, -0.130,  0.191,0
 -0.098,  0.036,  0.107,0
 -0.126,  0.349, -0.215,0
 -0.040,  0.608, -0.196,0
 -0.063,  0.689,  0.005,0
 -0.130,  0.446,  0.016,0
 -0.182,  0.160,  0.298,0
 -0.119,  0.407, -0.033,0
 -0.155,  0.568,  0.030,0
 -0.184,  0.306,  0.179,0
 -0.140, -0.015,  0.241,0
 -0.168, -0.141,  0.273,0
 -0.116, -0.055,  0.286,0
 -0.163, -0.318,  0.043,0
 -0.204, -0.070, -0.245,0
 -0.278,  0.143, -0.371,0
 -0.291, -0.105, -0.395,0
 -0.290, -0.156,  0.009,0
 -0.300, -0.258,  0.199,0
 -0.274,  0.029, -0.238,0
 -0.293, -0.528, -0.032,0
 -0.323, -0.310, -0.101,0
 -0.337,  0.254, -0.318,0
 -0.352,  0.084,  0.144,0
 -0.402,  0.005,  0.239,0
 -0.388,  0.298, -0.090,0
 -0.368,  0.195, -0.319,0
 -0.371, -0.299, -0.087,0
 -0.365, -0.092, -0.234,0
 -0.329, -0.179,  0.005,0
 -0.405, -0.110, -0.127,0
 -0.368, -0.105,  0.065,0
 -0.301,  0.128, -0.171,0
 -0.282,  0.389,  0.047,0
 -0.279,  0.291, -0.047,0
 -0.275,  0.574, -0.150,0
 -0.286,  0.439, -0.056,0
 -0.231,  0.530, -0.185,0
 -0.176,  0.716, -0.060,0
 -0.147,  0.435, -0.012,0
 -0.134,  0.833, -0.373,0
 -0.181,  0.467,  0.042,0
 -0.186,  0.598,  0.150,0
 -0.161,  0.203,  0.343,0
 -0.167,  0.474, -0.081,0
 -0.139,  0.281,  0.117,0
 -0.135,  0.340, -0.163,0
 -0.066,  0.335,  0.011,0
 -0.081,  0.362,  0.054,0
 -0.060,  0.112,  0.061,0
 -0.035, -0.250,  0.103,0
 -0.119,  0.056, -0.365,0
 -0.099, -0.393, -0.002,0
 -0.101, -0.236, -0.089,0
 -0.101, -0.306,  0.149,0
 -0.124, -0.096, -0.017,0
 -0.094,  0.053, -0.094,0
 -0.074,  0.055,  0.064,0
 -0.109,  0.460, -0.722,0
 -0.067,  0.660, -0.573,0
 -0.042,  0.749, -0.342,0
 -0.001,  0.431, -0.192,0
  0.002,  0.248, -0.196,0
 -0.087,  0.152,  0.113,0
 -0.071,  0.527,  0.016,0
  0.039,  0.516, -0.155,0
  0.055,  0.328, -0.029,0
  0.100,  0.385,  0.029,0
  0.086,  0.043,  0.316,0
  0.050, -0.040,  0.553,0
 -0.029,  0.095,  0.066,0
 -0.102, -0.296,  0.307,0
 -0.125, -0.400,  0.462,0
 -0.083, -0.112,  0.347,0
 -0.095,  0.146,  0.091,0
 -0.067,  0.174,  0.126,0
 -0.081, -0.160,  0.358,0
 -0.055, -0.345,  0.375,0
 -0.060,  0.189,  0.095,0
 -0.054,  0.075,  0.401,0
 -0.147, -0.181,  0.249,0
 -0.185, -0.236, -0.031,0
 -0.210, -0.504, -0.059,0
 -0.276, -0.685, -0.083,0
 -0.246, -0.415, -0.108,0
 -0.218, -0.428,  0.048,0
 -0.272, -0.144, -0.278,0
 -0.247,  0.071, -0.175,0
 -0.199,  0.489, -0.410,0
 -0.179,  0.509, -0.537,0
 -0.169, -0.055, -0.097,0
 -0.194,  0.099, -0.149,0
 -0.189, -0.082,  0.065,0
 -0.160, -0.041,  0.174,0
 -0.185,  0.318, -0.071,0
 -0.245,  0.440, -0.313,0
 -0.282,  0.253, -0.141,0
 -0.383, -0.014,  0.112,0
 -0.358, -0.068,  0.235,0
 -0.426, -0.210,  0.287,0
 -0.411, -0.319,  0.284,0
 -0.287, -0.238,  0.130,0
 -0.235,  0.001, -0.179,0
 -0.226,  0.240,  0.001,0
 -0.136,  0.191,  0.005,0
 -0.207, -0.346,  0.089,0
 -0.156,  0.024,  0.040,0
 -0.134, -0.369,  0.026,0
 -0.115, -0.003, -0.316,0
 -0.085,  0.188, -0.222,0
 -0.053,  0.250, -0.146,0
 -0.063,  0.461, -0.076,0
 -0.070,  0.524, -0.007,0
  0.024,  0.755, -0.583,0
  0.002,  0.954, -0.413,0
 -0.007,  0.846, -0.532,0
 -0.033,  1.121, -0.524,0
 -0.039,  0.691, -0.138,0
 -0.055,  0.289,  0.276,0
 -0.052,  0.264,  0.234,0
 -0.005,  0.466, -0.351,0
 -0.067,  0.303,  0.025,0
 -0.066,  0.275, -0.079,0
 -0.071,  0.178,  0.066,0
 -0.110,  0.278,  0.091,0
 -0.060,  0.248, -0.061,0
 -0.111,  0.084,  0.169,0
 -0.065,  0.270, -0.144,0
 -0.017,  0.292, -0.054,0
 -0.045,  0.255,  0.180,0
  0.010,  0.225,  0.028,0
  0.049,  0.037,  0.260,0
 -0.051,  0.094, -0.155,0
 -0.097,  0.377,  0.064,0
 -0.046,  0.448, -0.471,0
 -0.058,  0.285, -0.093,0
 -0.077,  0.240,  0.021,0
 -0.090,  0.665, -0.249,0
 -0.058,  0.367,  0.170,0
 -0.000,  0.313, -0.001,0
  0.097,  0.364,  0.378,0
  0.011,  0.544, -0.008,0
 -0.059,  0.472,  0.126,0
 -0.085,  0.478,  0.224,0
 -0.168,  0.312,  0.111,0
 -0.165,  0.343,  0.215,0
 -0.116,  0.448, -0.194,0
 -0.127,  0.509,  0.125,0
 -0.140,  0.405,  0.072,0
 -0.107, -0.019,  0.302,0
 -0.062,  0.214,  0.074,0
 -0.098,  0.048,  0.149,0
 -0.095, -0.111,  0.100,0
 -0.032, -0.010, -0.136,0
  0.035,  0.209, -0.033,0
  0.014,  0.200,  0.076,0
  0.037,  0.312,  0.207,0
 -0.016,  0.062,  0.048,0
 -0.056,  0.180, -0.299,0
  0.014,  0.547, -0.256,0
 -0.001,  0.541, -0.211,0
  0.006, -0.057,  0.086,0
 -0.042,  0.083,  0.177,0
 -0.079, -0.076,  0.321,0
 -0.151,  0.046,  0.112,0
 -0.130, -0.066,  0.461,0
 -0.181,  0.086,  0.117,0
 -0.177,  0.284, -0.186,0
 -0.204,  0.083,  0.240,0
 -0.192,  0.070,  0.267,0
 -0.125,  0.416,  0.155,0
 -0.100,  0.356, -0.181,0
 -0.083,  0.495,  0.125,0
 -0.099,  0.172,  0.245,0
 -0.100,  0.247,  0.031,0
 -0.163,  0.097,  0.288,0
 -0.176, -0.106,  0.138,0
 -0.186,  0.016,  0.279,0
 -0.173, -0.293,  0.379,0
 -0.073,  0.153,  0.036,0
 -0.090,  0.118,  0.154,0
 -0.129,  0.132,  0.058,0
 -0.236, -0.325,  0.005,0
 -0.258, -0.755,  0.100,0
 -0.248, -0.270, -0.260,0
 -0.171,  0.175, -0.301,0
 -0.153,  0.338, -0.235,0
 -0.204, -0.151,  0.055,0
 -0.137,  0.329, -0.304,0
 -0.108,  0.362,  0.095,0
 -0.098,  0.746, -0.170,0
 -0.159,  0.301, -0.349,0
 -0.189,  0.260, -0.078,0
 -0.157,  0.106,  0.193,0
 -0.157,  0.132,  0.366,0
 -0.154,  0.115,  0.174,0
 -0.143,  0.306,  0.038,0
 -0.149,  0.151,  0.097,0
 -0.124,  0.167,  0.146,0
 -0.120, -0.030,  0.417,0
 -0.089, -0.113,  0.265,0
 -0.046,  0.210,  0.186,0
 -0.026, -0.119, -0.178,0
 -0.027, -0.255,  0.018,0
  0.021, -0.226,  0.002,0
  0.007, -0.214,  0.394,0
  0.054, -0.618,  0.305,0
  0.076, -0.116,  0.359,0
  0.051,  0.025,  0.409,0
  0.061, -0.136,  0.552,0
  0.070, -0.420,  0.491,0
  0.066, -0.244,  0.452,0
  0.068, -0.173,  0.655,0
  0.038, -0.380,  0.606,0
 -0.003, -0.529,  0.445,0
  0.039, -0.318,  0.320,0
 -0.017, -0.145,  0.262,0
 -0.051,  0.168,  0.187,0
 -0.061, -0.122,  0.206,0
 -0.097, -0.529,  0.095,0
 -0.076, -0.185, -0.021,0
 -0.056,  0.259, -0.357,0
 -0.105,  0.265, -0.289,0
 -0.199,  0.082,  0.062,0
 -0.080,  0.157, -0.218,0
 -0.082,  0.179,  0.117,0
 -0.103, -0.059,  0.099,0
 -0.109, -0.096,  0.021,0
 -0.148,  0.069, -0.309,0
 -0.102, -0.234, -0.024,0
 -0.157, -0.201, -0.021,0
 -0.161,  0.149, -0.117,0
 -0.121, -0.057,  0.065,0
 -0.218,  0.340, -0.407,0
 -0.232, -0.064, -0.199,0
 -0.250,  0.058,  0.021,0
 -0.410, -0.019, -0.181,0
 -0.376, -0.050,  0.009,0
 -0.387, -0.155,  0.282,0
 -0.416, -0.361,  0.116,0
 -0.405, -0.058, -0.655,0
 -0.361,  0.089, -0.492,0
 -0.361, -0.041, -0.019,0
 -0.361,  0.085,  0.077,0
 -0.318,  0.418,  0.001,0
 -0.318,  0.274, -0.044,0
 -0.238,  0.202, -0.442,0
 -0.195,  0.050,  0.101,0
 -0.183,  0.093, -0.085,0
 -0.222, -0.296,  0.270,0
 -0.245, -0.287,  0.356,0
 -0.265, -0.358,  0.574,0
 -0.244, -0.023,  0.269,0
 -0.217, -0.101,  0.168,0
 -0.095,  0.431, -0.071,0
 -0.043,  0.374,  0.125,0
 -0.053,  0.414,  0.196,0
 -0.087,  0.358,  0.199,0
 -0.122,  0.246, -0.160,0
 -0.061, -0.131,  0.023,0
 -0.150, -0.139,  0.096,0
 -0.215,  0.280,  0.126,0
 -0.173,  0.313,  0.265,0
 -0.155,  0.082,  0.103,0
 -0.159,  0.147, -0.071,0
 -0.006,  0.523, -0.265,0
 -0.025,  0.117, -0.009,0
  0.005, -0.012,  0.155,0
 -0.012, -0.018,  0.094,0
  0.021,  0.152, -0.486,0
  0.039,  0.246, -0.203,0
 -0.015,  0.448, -0.305,0
 -0.124,  0.349, -0.079,0
 -0.150,  0.162, -0.045,0
 -0.195,  0.059,  0.082,0
 -0.210,  0.416,  0.076,0
 -0.169,  0.745, -0.227,0
 -0.197,  0.572, -0.116,0
 -0.174,  0.206, -0.106,0
 -0.127,  0.205, -0.060,0
 -0.145, -0.254,  0.235,0
 -0.149, -0.481,  0.462,0
 -0.168, -0.421,  0.202,0
 -0.235, -0.676,  0.317,0
 -0.113, -0.172, -0.314,0
 -0.125,  0.092, -0.287,0
 -0.159,  0.072, -0.202,0
 -0.160,  0.162,  0.063,0
 -0.228,  0.361, -0.045,0
 -0.294,  0.327, -0.020,0
 -0.310,  0.404, -0.132,0
 -0.301,  0.126,  0.191,0
 -0.192,  0.362,  0.187,0
 -0.070,  0.290,  0.065,0
 -0.032,  0.327,  0.181,0
 -0.058,  0.511,  0.442,0
 -0.080,  0.484,  0.039,0
 -0.120,  0.726,  0.005,0
 -0.138,  0.503,  0.172,0
 -0.094,  0.412,  0.189,0
 -0.146,  0.679, -0.210,0
 -0.145,  0.062, -0.013,0
 -0.188, -0.148,  0.260,0
 -0.218,  0.163, -0.278,0
 -0.263, -0.189,  0.075,0
 -0.211,  0.040, -0.376,0
 -0.228,  0.176, -0.140,0
 -0.282,  0.054,  0.082,0
 -0.317,  0.088, -0.225,0
 -0.258,  0.306,  0.021,0
 -0.193,  0.261,  0.145,0
 -0.189,  0.055,  0.015,0
 -0.241, -0.217,  0.135,0
 -0.245, -0.058,  0.228,0
 -0.319, -0.246,  0.099,0
 -0.269, -0.160, -0.198,0
 -0.225, -0.006, -0.018,0
 -0.200,  0.094, -0.170,0
 -0.246,  0.198, -0.044,0
 -0.201,  0.226, -0.140,0
 -0.150,  0.299, -0.494,0
 -0.141,  0.126,  0.024,0
  0.022,  0.322, -0.286,0
  0.023,  0.610, -0.333,0
 -0.011,  0.324, -0.004,0
 -0.057,  0.095,  0.130,0
 -0.065, -0.009, -0.103,0
 -0.025,  0.256, -0.377,0
 -0.080, -0.205, -0.167,0
 -0.107, -0.014, -0.269,0
 -0.140,  0.450, -0.435,0
 -0.107,  0.230, -0.047,0
 -0.123, -0.106, -0.003,0
 -0.127,  0.013,  0.097,0
 -0.148,  0.296, -0.361,0
 -0.083,  0.183, -0.123,0
 -0.166, -0.302,  0.142,0
 -0.120, -0.504,  0.316,0
 -0.048, -0.207, -0.245,0
 -0.090, -0.331, -0.077,0
 -0.094, -0.366, -0.301,0
 -0.221, -0.190, -0.151,0
 -0.174,  0.032, -0.063,0
 -0.119, -0.197,  0.057,0
 -0.070,  0.076, -0.174,0
 -0.044,  0.200,  0.085,0
 -0.085,  0.176,  0.214,0
 -0.055,  0.355, -0.369,0
 -0.060,  0.421, -0.157,0
 -0.006,  0.366,  0.049,0
 -0.009,  0.461,  0.068,0
 -0.069,  0.377,  0.302,0
 -0.089,  0.299,  0.483,0
 -0.045,  0.143,  0.484,0
 -0.052,  0.269,  0.051,0
 -0.032,  0.531, -0.184,0
 -0.012,  0.373,  0.016,0
 -0.069, -0.149,  0.229,0
 -0.068, -0.035,  0.252,0
 -0.108, -0.383,  0.217,0
 -0.091, -0.192,  0.233,0
 -0.110,  0.019, -0.045,0
 -0.140,  0.247, -0.021,0
 -0.126,  0.253,  0.198,0
 -0.108,  0.160,  0.166,0
 -0.095, -0.248,  0.403,0
 -0.023,  0.183, -0.387,0
  0.018, -0.090, -0.205,0
 -0.049, -0.007, -0.001,0
 -0.087, -0.037,  0.152,0
 -0.108,  0.088,  0.228,0
 -0.131,  0.344,  0.017,0
 -0.088,  0.381,  0.103,0
 -0.034,  0.011,  0.409,0
 -0.141,  0.155, -0.049,0
 -0.135, -0.009,  0.285,0
 -0.224,  0.100,  0.278,0
 -0.165,  0.449, -0.161,0
 -0.230,  0.576, -0.420,0
 -0.138, -0.023, -0.012,0
 -0.143, -0.030,  0.046,0
 -0.162,  0.220,  0.310,0
 -0.184,  0.113,  0.286,0
 -0.191, -0.064,  0.080,0
 -0.133, -0.029,  0.150,0
 -0.126, -0.128,  0.101,0
 -0.092,  0.090, -0.052,0
 -0.172, -0.175,  0.094,0
 -0.229,  0.037, -0.035,0
 -0.176,  0.501, -0.196,0
 -0.224, -0.163,  0.322,0
 -0.253, -0.374, -0.258,0
 -0.257, -0.115, -0.558,0
 -0.345,  0.086, -0.565,0
 -0.373,  0.056, -0.128,0
 -0.400, -0.312,  0.201,0
 -0.370, -0.141, -0.021,0
 -0.315, -0.032, -0.092,0
 -0.276, -0.083,  0.051,0
 -0.276, -0.270,  0.223,0
 -0.234, -0.224,  0.099,0
 -0.235, -0.350, -0.015,0
 -0.219, -0.135, -0.094,0
 -0.205,  0.248, -0.353,0
 -0.182,  0.542, -0.400,0
 -0.193,  0.489, -0.164,0
 -0.129,  0.546, -0.177,0
 -0.141,  0.481, -0.196,0
 -0.226,  0.262,  0.161,0
 -0.212,  0.741, -0.223,0
 -0.192,  0.503, -0.333,0
 -0.215,  0.378, -0.023,0
 -0.246,  0.528, -0.321,0
 -0.224,  0.629, -0.230,0
 -0.186,  0.340,  0.178,0
 -0.189, -0.019, -0.023,0
 -0.180,  0.399, -0.168,0
 -0.188, -0.102,  0.188,0
 -0.207, -0.441, -0.039,0
 -0.193,  0.075, -0.004,0
 -0.159,  0.358,  0.208,0
 -0.080,  0.273,  0.342,0
 -0.132,  0.622, -0.071,0
 -0.109,  0.392,  0.154,0
 -0.048,  0.213, -0.024,0
 -0.036,  0.410,  0.223,0
 -0.085,  0.098,  0.097,0
 -0.143,  0.225, -0.556,0
 -0.167, -0.114, -0.167,0
 -0.164,  0.203, -0.432,0
 -0.227, -0.136, -0.412,0
 -0.260,  0.004, -0.390,0
 -0.234, -0.065, -0.095,0
 -0.152, -0.094, -0.020,0
 -0.162,  0.175,  0.016,0
 -0.195, -0.185,  0.206,0
 -0.172, -0.398,  0.394,0
 -0.278, -0.411,  0.341,0
 -0.347, -0.366,  0.049,0
 -0.389, -0.638,  0.037,0
 -0.409, -0.515,  0.015,0
 -0.252, -0.238, -0.090,0
 -0.129, -0.076, -0.006,0
 -0.104, -0.306, -0.164,0
 -0.188, -0.424, -0.000,0
 -0.134, -0.471,  0.187,0
 -0.167, -0.131, -0.025,0
 -0.274, -0.064, -0.087,0
 -0.261, -0.307, -0.067,0
 -0.207, -0.200,  0.140,0
 -0.247, -0.383,  0.180,0
 -0.147, -0.534, -0.078,0
 -0.107, -0.632,  0.074,0
 -0.128, -0.426, -0.177,0
 -0.101, -0.801, -0.003,0
 -0.034, -0.475, -0.067,0
 -0.083, -0.390,  0.027,0
 -0.026,  0.169, -0.045,0
 -0.055,  0.040,  0.010,0
 -0.071, -0.148, -0.472,0
 -0.087, -0.228, -0.198,0
 -0.140, -0.320, -0.238,0
 -0.189, -0.353,  0.095,0
 -0.149, -0.096,  0.024,0
 -0.159,  0.318, -0.411,0
 -0.187, -0.053, -0.324,0
 -0.239, -0.009, -0.018,0
 -0.176, -0.095, -0.117,0
 -0.252, -0.078,  0.024,0
 -0.263, -0.188,  0.241,0
 -0.184,  0.004,  0.019,0
 -0.227,  0.004, -0.130,0
 -0.255, -0.118,  0.113,0
 -0.309, -0.155,  0.081,0
 -0.280, -0.477,  0.018,0
 -0.261, -0.427, -0.132,0
 -0.320, -0.354, -0.079,0
 -0.187, -0.127, -0.185,0
 -0.135,  0.387, -0.403,0
 -0.040,  0.435, -0.404,0
 -0.011,  0.744, -0.364,0
 -0.026,  0.035,  0.101,0
  0.040, -0.020,  0.220,0
  0.004,  0.511, -0.170,0
  0.098,  0.579, -0.414,0
  0.160,  0.299, -0.162,0
  0.100,  0.191, -0.078,0
  0.039,  0.000,  0.109,0
  0.016,  0.165, -0.185,0
 -0.045,  0.100, -0.227,0
 -0.058,  0.084,  0.031,0
 -0.082,  0.348, -0.508,0
 -0.056,  0.376, -0.350,0
 -0.037,  0.162, -0.027,0
 -0.054,  0.261,  0.051,0
 -0.058, -0.092,  0.176,0
 -0.018, -0.120,  0.245,0
 -0.029, -0.455,  0.440,0
  0.004, -0.302,  0.303,0
 -0.059, -0.012,  0.240,0
 -0.049, -0.277,  0.337,0
 -0.059, -0.466,  0.167,0
 -0.056, -0.563,  0.294,0
 -0.098, -0.223, -0.403,0
 -0.130, -0.407, -0.084,0
 -0.115, -0.361, -0.084,0
 -0.124,  0.103, -0.191,0
 -0.194, -0.127,  0.163,0
 -0.209, -0.256,  0.077,0
 -0.220, -0.206,  0.045,0
 -0.163,  0.035, -0.184,0
 -0.120,  0.148, -0.327,0
 -0.161, -0.093,  0.060,0
 -0.192,  0.406, -0.222,0
 -0.273,  0.318, -0.321,0
 -0.286, -0.090, -0.086,0
 -0.261,  0.140,  0.057,0
 -0.285,  0.155, -0.215,0
 -0.238,  0.134,  0.180,0
 -0.233,  0.233,  0.115,0
 -0.266,  0.305, -0.149,0
 -0.314,  0.188, -0.054,0
 -0.222,  0.250, -0.149,0
 -0.198,  0.126, -0.161,0
 -0.113, -0.058,  0.009,0
 -0.138,  0.256,  0.030,0
 -0.197,  0.395, -0.061,0
 -0.112,  0.501, -0.302,0
 -0.130,  0.523, -0.066,0
 -0.093,  0.440, -0.079,0
 -0.099, -0.097,  0.052,0
 -0.077,  0.010, -0.030,0
 -0.068,  0.462, -0.118,0
 -0.024,  0.579, -0.140,0
  0.082,  0.559, -0.144,0
  0.075,  0.331, -0.486,0
  0.102,  0.324, -0.460,0
  0.053, -0.080, -0.088,0
  0.105,  0.338,  0.082,0
  0.050,  0.482,  0.155,0
  0.061, -0.150,  0.235,0
  0.001,  0.057, -0.321,0
  0.004,  0.447, -0.412,0
 -0.001,  0.339, -0.062,0
 -0.076,  0.142,  0.058,0
 -0.094,  0.054,  0.083,0
  0.000,  0.112, -0.016,0
  0.020,  0.308,  0.173,0
  0.091, -0.005,  0.375,0
  0.156,  0.426,  0.179,0
  0.171,  0.031,  0.274,0
  0.145, -0.076,  0.427,0
  0.047, -0.213,  0.296,0
  0.015,  0.206, -0.178,0
 -0.019,  0.062,  0.071,0
  0.041, -0.057,  0.118,0
 -0.009,  0.388, -0.177,0
 -0.016,  0.225,  0.099,0
 -0.017, -0.034,  0.230,0
 -0.082, -0.098,  0.171,0
  0.005,  0.493, -0.140,0
 -0.041,  0.329, -0.373,0
 -0.042,  0.056, -0.297,0
 -0.108, -0.281,  0.034,0
 -0.077, -0.286,  0.161,0
 -0.076,  0.121, -0.167,0
  0.138, -0.165, -0.170,0
  0.142,  0.136, -0.091,0
  0.207,  0.235,  0.025,0
  0.139,  0.199, -0.181,0
 -0.004, -0.352,  0.020,0
 -0.041, -0.668,  0.238,0
 -0.079, -0.565, -0.147,0
 -0.224, -1.023,  0.095,0
 -0.190, -0.498, -0.128,0
 -0.160, -0.451,  0.020,0
 -0.200, -0.413,  0.161,0
 -0.250, -0.293, -0.174,0
 -0.183, -0.138, -0.193,0
 -0.230, -0.612, -0.031,0
 -0.294, -0.753, -0.287,0
 -0.390, -0.951, -0.142,0
 -0.370, -0.819, -0.219,0
 -0.443, -0.672, -0.384,0
 -0.484, -0.822, -0.246,0
 -0.393, -0.095, -0.855,0
 -0.380, -0.071, -0.478,0
 -0.284,  0.151, -0.991,0
 -0.343,  0.075, -0.497,0
 -0.242,  0.091, -0.462,0
 -0.258,  0.180, -0.048,0
 -0.212,  0.324, -0.520,0
 -0.128,  0.607, -0.568,0
 -0.157,  0.314, -0.091,0
 -0.204,  0.362, -0.062,0
 -0.266,  0.135, -0.010,0
 -0.254,  0.055,  0.137,0
 -0.284,  0.017,  0.065,0
 -0.323, -0.439, -0.020,0
 -0.412, -0.549,  0.156,0
 -0.393, -0.645,  0.209,0
 -0.446, -0.542, -0.134,0
 -0.449, -0.417,  0.035,0
 -0.503, -0.086, -0.457,0
 -0.498,  0.160, -0.359,0
 -0.542, -0.135, -0.051,0
 -0.499,  0.068,  0.147,0
 -0.475,  0.203,  0.029,0
 -0.476, -0.259,  0.193,0
 -0.361, -0.074, -0.281,0
 -0.296, -0.146, -0.224,0
 -0.260, -0.487, -0.288,0
 -0.276, -0.700, -0.077,0
 -0.257, -0.175, -0.050,0
 -0.185,  0.092, -0.129,0
 -0.286, -0.005, -0.048,0
 -0.251, -0.008,  0.133,0
 -0.131,  0.265, -0.164,0
 -0.174,  0.227, -0.078,0
 -0.109, -0.024,  0.201,0
 -0.150,  0.260, -0.302,0
 -0.116,  0.549, -0.149,0
 -0.048,  0.618, -0.436,0
  0.046,  0.748, -0.200,0
  0.036,  0.651,  0.060,0
  0.024,  0.637, -0.066,0
  0.022,  0.320,  0.181,0
 -0.036,  0.235,  0.227,0
 -0.010,  0.051,  0.320,0
 -0.097,  0.078,  0.082,0
 -0.128, -0.052,  0.288,0
 -0.112, -0.077,  0.263,0
 -0.037,  0.270, -0.503,0
 -0.033,  0.313, -0.040,0
  0.094,  0.736, -0.544,0
  0.069, -0.033,  0.001,0
  0.079, -0.084,  0.042,0
  0.038, -0.352,  0.059,0
  0.009, -0.085, -0.083,0
  0.019,  0.051, -0.172,0
  0.079,  0.304, -0.082,0
 -0.018,  0.364, -0.384,0
  0.079,  0.464, -0.362,0
  0.207,  0.329, -0.212,0
  0.169,  0.312, -0.169,0
  0.128,  0.117,  0.040,0
  0.136,  0.524, -0.091,0
  0.071,  0.865, -0.321,0
  0.092,  0.816, -0.260,0
  0.119,  0.715, -0.165,0
  0.046,  0.128,  0.048,0
  0.072,  0.188,  0.140,0
  0.073,  0.556,  0.085,0
  0.060,  0.554, -0.265,0
 -0.022,  0.391, -0.046,0
 -0.049,  0.497, -0.010,0
 -0.066,  0.159,  0.076,0
 -0.029,  0.059,  0.068,0
 -0.151, -0.033,  0.115,0
 -0.243, -0.249,  0.253,0
 -0.286, -0.312,  0.233,0
 -0.265, -0.149, -0.039,0
 -0.285, -0.548,  0.186,0
 -0.300, -0.680,  0.286,0
 -0.290, -0.852,  0.109,0
 -0.299, -0.532, -0.279,0
 -0.319, -0.391, -0.053,0
 -0.362, -0.290, -0.196,0
 -0.353, -0.066, -0.176,0
 -0.347, -0.074, -0.128,0
 -0.303, -0.188, -0.118,0
 -0.309, -0.181,  0.051,0
 -0.325, -0.519, -0.033,0
 -0.307, -0.144, -0.261,0
 -0.311, -0.553,  0.015,0
 -0.301, -0.303, -0.051,0
 -0.384, -0.358, -0.047,0
 -0.469, -0.532,  0.035,0
 -0.467, -0.375, -0.108,0
 -0.449, -0.264, -0.117,0
 -0.396, -0.138, -0.005,0
 -0.357, -0.157, -0.023,0
 -0.419, -0.276,  0.343,0
 -0.332, -0.060,  0.351,0
 -0.255,  0.114,  0.164,0
 -0.361,  0.035,  0.106,0
 -0.427, -0.649,  0.397,0
 -0.455, -0.460,  0.187,0
 -0.392, -0.167,  0.171,0
 -0.274,  0.072, -0.267,0
 -0.243,  0.025, -0.069,0
 -0.276,  0.166, -0.365,0
 -0.276,  0.310, -0.176,0
 -0.309,  0.198,  0.095,0
 -0.364, -0.179,  0.151,0
 -0.318, -0.000, -0.099,0
 -0.272,  0.134,  0.098,0
 -0.317, -0.055,  0.256,0
 -0.321, -0.384,  0.225,0
 -0.323, -0.360,  0.343,0
 -0.303,  0.125,  0.145,0
 -0.266,  0.229,  0.190,0
 -0.268,  0.333, -0.090,0
 -0.137,  0.483, -0.088,0
 -0.098,  0.621, -0.170,0
 -0.071,  0.218,  0.091,0
 -0.115,  0.150,  0.090,0
 -0.105,  0.177, -0.017,0
 -0.161, -0.162,  0.094,0
 -0.115, -0.044,  0.114,0
 -0.038,  0.408,  0.015,0
  0.012,  0.264,  0.177,0
 -0.070, -0.325,  0.378,0
 -0.060, -0.568,  0.304,0
 -0.205, -0.779,  0.204,0
 -0.163, -0.024, -0.556,0
 -0.121,  0.394, -0.674,0
 -0.164,  0.406, -0.203,0
 -0.139,  0.203, -0.070,0
 -0.096,  0.603, -0.125,0
 -0.094,  0.724, -0.240,0
 -0.170,  0.400, -0.252,0
 -0.109,  0.802, -0.354,0
 -0.139,  0.496, -0.068,0
 -0.175,  0.038,  0.235,0
 -0.052,  0.208,  0.159,0
 -0.138,  0.119,  0.175,0
 -0.128, -0.157, -0.210,0
 -0.082,  0.220, -0.319,0
 -0.121,  0.301, -0.097,0
 -0.157,  0.059,  0.000,0
 -0.200, -0.374,  0.002,0
 -0.171, -0.501,  0.231,0
 -0.232, -0.237,  0.287,0
 -0.227, -0.089,  0.075,0
 -0.213,  0.058,  0.035,0
 -0.161,  0.389,  0.256,0
 -0.183,  0.176,  0.108,0
 -0.232, -0.229,  0.211,0
 -0.179, -0.066, -0.134,0
 -0.216, -0.066, -0.261,0
 -0.206,  0.199,  0.001,0
 -0.194,  0.090, -0.003,0
 -0.184,  0.472, -0.231,0
 -0.166,  0.683, -0.015,0
 -0.232,  0.482,  0.166,0
 -0.113,  0.654,  0.295,0
 -0.131,  0.084,  0.491,0
 -0.163,  0.053,  0.457,0
 -0.180,  0.498,  0.159,0
 -0.091,  0.572,  0.236,0
 -0.043,  0.538,  0.132,0
  0.015,  0.275,  0.125,0
  0.047, -0.232,  0.493,0
  0.033, -0.196,  0.225,0
  0.029, -0.537,  0.074,0
 -0.000, -0.418,  0.379,0
 -0.017, -0.112,  0.310,0
 -0.086, -0.068,  0.018,0
 -0.135, -0.505,  0.198,0
  1.260,  0.013,  0.179,0
  0.981, -0.058,  0.274,0
  0.786, -0.028,  0.068,0
  0.664, -0.037,  0.073,0
  0.589,  0.014,  0.114,0
  0.460, -0.172,  0.122,0
  0.331, -0.218,  0.195,0
  0.215, -0.033, -0.083,0
  0.109, -0.190, -0.029,0
 -0.015, -0.093, -0.011,0
 -0.025, -0.127, -0.037,0
 -0.044, -0.003,  0.288,0
 -0.058, -0.184,  0.253,0
 -0.141, -0.053, -0.042,0
 -0.140, -0.145,  0.089,0
 -0.215, -0.118,  0.042,0
 -0.280, -0.350, -0.166,0
 -0.198, -0.065, -0.385,0
 -0.233,  0.026, -0.294,0
 -0.128,  0.288, -0.611,0
 -0.141,  0.079, -0.169,0
 -0.213, -0.003, -0.014,0
 -0.293,  0.680, -0.353,0
 -0.274,  0.045, -0.118,0
 -0.371, -0.383,  0.022,0
 -0.256, -0.120, -0.111,0
 -0.293, -0.232, -0.092,0
 -0.279, -0.372, -0.241,0
 -0.314, -0.210, -0.268,0
 -0.322, -0.252, -0.448,0
 -0.303, -0.226, -0.417,0
 -0.312,  0.087, -0.583,0
 -0.282,  0.308, -1.001,0
 -0.214,  0.208, -0.565,0
 -0.188,  0.175, -0.605,0
 -0.162, -0.111, -0.434,0
 -0.061,  0.007, -0.679,0
 -0.073, -0.111, -0.827,0
 -0.018, -0.115, -0.527,0
 -0.005,  0.351, -0.622,0
 -0.027,  0.351, -0.618,0
  0.019,  0.370, -0.715,0
  0.005, -0.062, -0.290,0
  0.075, -0.114, -0.396,0
  0.068, -0.405, -0.366,0
  0.039, -0.276, -0.377,0
  0.020,  0.272, -0.504,0
 -0.087,  0.002, -0.382,0
  0.005, -0.039, -0.358,0
  0.033, -0.119, -0.321,0
  0.070,  0.192, -0.663,0
  0.033,  0.464, -0.281,0
  0.037,  0.401, -0.330,0
  0.029,  0.389, -0.287,0
  0.062,  0.411, -0.165,0
  0.102,  0.553, -0.446,0
  0.148,  0.154, -0.609,0
  0.105, -0.098, -0.447,0
  0.073, -0.196, -0.293,0
  0.067,  0.208, -0.624,0
  0.068,  0.194, -0.784,0
  0.040,  0.221, -0.823,0
  0.018,  0.381, -1.001,0
  0.052,  0.742, -0.903,0
 -0.053,  0.584, -0.591,0
 -0.026,  0.342, -0.717,0
  0.017,  0.519, -0.704,0
  0.044,  0.501, -0.599,0
  0.126,  0.699, -0.642,0
  0.073,  0.621, -0.455,0
  0.099,  0.504, -0.319,0
  0.143,  0.350, -0.086,0
  0.137,  0.161, -0.045,0
  0.054, -0.130, -0.047,0
  0.040,  0.361, -0.694,0
  0.057,  0.336, -0.764,0
  0.049,  0.110, -0.514,0
  0.057,  0.599, -0.532,0
  0.214,  0.748, -0.347,0
  0.259,  1.017, -0.656,0
  0.291,  0.951, -0.576,0
  0.330,  1.222, -0.404,0
  0.327,  1.078, -0.156,0
  0.242,  0.790,  0.040,0
  0.211,  0.764,  0.086,0
  0.191,  0.820,  0.006,0
  0.309,  0.853, -0.528,0
  0.254,  0.321, -0.367,0
  0.275,  0.360, -0.487,0
  0.295,  0.164, -0.337,0
  0.259,  0.475, -0.750,0
  0.280,  0.763, -0.702,0
  0.134,  0.498, -0.674,0
  0.092,  0.397, -0.446,0
  0.097,  0.282, -0.387,0
  0.024, -0.046, -0.357,0
 -0.013, -0.266, -0.553,0
 -0.052, -0.542, -0.307,0
 -0.009, -0.644, -0.327,0
  0.058, -0.492, -0.893,0
 -0.025, -0.677, -0.910,0
  0.003, -0.586, -0.741,0
  0.012, -0.349, -0.582,0
 -0.008, -0.326, -0.471,0
  0.130,  0.203, -0.602,0
  0.130,  0.209, -0.476,0
  0.125,  0.293, -0.520,0
  0.088,  0.258, -0.611,0
  0.060,  0.405, -0.544,0
  0.030,  0.618, -0.476,0
  0.146,  0.609, -0.439,0
  0.243,  0.520, -0.778,0
  0.252,  0.506, -0.702,0
  0.216,  0.240, -0.563,0
  0.153,  0.203, -0.579,0
  0.198,  0.017, -0.462,0
  0.250,  0.012, -0.759,0
  0.215,  0.132, -0.713,0
  0.237, -0.101, -0.569,0
  0.225,  0.186, -0.449,0
  0.204,  0.405, -0.239,0
  0.249,  0.575, -0.518,0
  0.195,  0.494, -0.514,0
  0.162,  0.472, -0.971,0
  0.175,  0.543, -0.841,0
  0.127, -0.037, -0.639,0
  0.139,  0.071, -0.362,0
  0.094,  0.301, -0.444,0
  0.131, -0.100, -0.425,0
  0.085, -0.060, -0.375,0
  0.071,  0.239, -0.413,0
  0.110,  0.334, -0.396,0
  0.101,  0.772, -0.413,0
  0.089,  0.781, -0.573,0
  0.127,  0.735, -0.364,0
  0.083,  0.922, -0.925,0
  0.015,  0.610, -0.729,0
  0.019,  0.699, -0.722,0
  0.030,  0.576, -0.463,0
 -0.060,  0.506, -0.712,0
 -0.006,  0.830, -0.708,0
  0.037,  0.723, -0.429,0
 -0.009,  0.107, -0.223,0
  0.089,  0.343, -0.160,0
  0.140,  0.612, -0.081,0
  0.134,  0.736, -0.439,0
  0.088,  0.484, -0.366,0
  0.142,  0.677, -0.552,0
  0.149,  0.564, -0.409,0
  0.207,  0.502, -0.408,0
  0.239,  0.550, -0.285,0
  0.191,  0.950, -0.413,0
  0.124,  0.500, -0.835,0
  0.072,  0.316, -0.776,0
  0.093,  0.374, -0.868,0
  0.171,  0.575, -0.802,0
  0.140,  0.669, -0.653,0
  0.132,  0.472, -0.448,0
  0.065,  0.419, -0.338,1
  0.122,  0.288, -0.359,1
  0.075,  0.316, -0.298,1
  0.135,  0.728, -0.464,1
  0.203,  0.466, -0.596,1
  0.245,  0.457, -0.461,1
  0.296,  0.264, -0.497,1
  0.285,  0.178, -0.236,1
  0.218,  0.349, -0.777,1
  0.264,  0.190, -0.533,1
  0.372,  0.567, -0.533,1
  0.366,  0.441, -0.291,1
  0.301,  0.150, -0.295,1
  0.151, -0.117, -0.509,1
  0.141,  0.243, -0.411,1
  0.158,  0.662, -0.791,1
  0.159,  0.634, -0.958,1
  0.176,  0.495, -0.827,1
  0.144,  0.439, -0.632,1
  0.145,  0.450, -0.465,1
  0.127,  0.374, -0.639,1
  0.141,  0.317, -0.636,1
  0.174,  0.228, -0.536,1
  0.141, -0.104, -0.263,1
  0.132,  0.296, -0.911,1
  0.073,  0.365, -0.831,1
  0.032,  0.185, -0.632,1
 -0.062,  0.344, -0.932,1
  0.081,  0.199, -0.598,1
  0.027,  0.290, -0.507,1
  0.015,  0.150, -0.651,1
 -0.074,  0.068, -0.430,1
 -0.014,  0.417, -0.906,1
  0.006,  0.160, -0.701,1
  0.107, -0.049, -0.462,1
  0.135,  0.179, -0.328,1
  0.107, -0.175, -0.485,1
  0.100, -0.453, -0.512,1
