  0.032, -0.018, -0.001,0
 40.717, -8.578,  0.225,0
 39.112, -5.977,  1.531,0
 41.856, -7.877, -0.311,0
 39.806, -5.475,  1.922,0
 36.781, -3.636,  2.519,0
 39.784, -8.411, -1.313,0
 42.085, -8.344, -0.652,0
 42.876, -9.003, -0.943,0
 40.759, -8.134, -0.233,0
 41.609,-10.458, -2.666,0
 40.253, -7.603, -1.048,0
 43.688, -7.038,  1.154,0
 43.026, -6.845,  1.335,0
 44.357, -4.588,  4.266,0
 45.021, -8.813,  0.332,0
 43.474,-11.300, -2.242,0
 43.063, -9.761, -1.075,0
 42.815, -6.001,  2.763,0
 43.263, -7.348,  1.285,0
 41.319, -6.444,  0.898,0
 43.292, -9.188, -1.561,0
 40.457, -5.351,  1.665,0
 42.225, -8.274, -0.842,0
 45.100, -7.316,  2.193,0
 46.316, -8.727,  0.485,0
 46.449, -5.158,  3.891,0
 47.256, -8.583,  0.704,0
 49.320, -8.818,  0.212,0
 51.322, -7.507,  2.419,0
 46.366, -6.873,  2.022,0
 48.248, -5.746,  3.574,0
 48.170, -2.221,  7.454,0
 46.916, -6.370,  3.221,0
 46.393, -4.520,  4.218,0
 48.266, -7.346,  1.006,0
 45.674, -9.648, -1.522,0
 46.688, -8.075, -0.087,0
 46.990, -7.357,  1.175,0
 48.039, -9.481, -1.414,0
 49.964, -8.685,  0.287,0
 51.246, -6.976,  3.076,0
 45.070, -6.348,  2.711,0
 45.570, -8.840,  0.981,0
 46.844, -7.657,  2.262,0
 45.950, -8.573,  0.032,0
 44.450, -4.618,  3.453,0
 47.307, -7.364,  1.350,0
 48.322,-10.983, -2.536,0
 48.459,-10.086, -1.245,0
 48.257, -6.993,  2.216,0
 48.416, -7.212,  1.157,0
 51.229,-10.596, -2.963,0
 51.224, -8.379,  0.373,0
 52.862, -9.210, -0.128,0
 53.447, -8.483,  0.433,0
 49.022, -9.301, -0.590,0
 50.284, -7.618,  2.242,0
 46.457, -5.781,  2.928,0
 46.469, -3.257,  5.947,0
 46.272, -8.295,  1.101,0
 47.743, -6.129,  3.431,0
 47.081, -4.677,  4.947,0
 46.549, -5.352,  3.800,0
 46.190, -9.934, -0.757,0
 47.421, -6.565,  4.449,0
 47.978, -8.205,  1.572,0
 46.361, -6.184,  2.616,0
 46.892, -7.734,  1.722,0
 45.241,-10.029, -1.423,0
 45.928, -6.411,  2.188,0
 46.193, -8.787, -0.548,0
 44.584, -9.215, -1.099,0
 43.957, -6.266,  2.227,0
 42.876, -8.751, -0.759,0
 43.952, -9.227, -1.115,0
 42.821, -4.881,  2.748,0
 42.584, -1.788,  6.334,0
 43.143, -7.732,  1.520,0
 42.159,-11.867, -2.113,0
 41.365,-12.546, -3.512,0
 42.029, -8.090,  1.182,0
 43.823, -9.889, -1.156,0
 43.141, -8.365,  0.358,0
 43.171, -4.842,  3.617,0
 42.913, -6.329,  1.132,0
 42.016, -2.384,  4.275,0
 42.390, -8.798, -0.908,0
 42.730, -9.341, -0.945,0
 42.123, -4.460,  2.970,0
 41.994, -8.528, -0.117,0
 43.047, -5.088,  3.367,0
 44.583, -3.969,  4.329,0
 44.954, -6.918,  1.040,0
 45.934, -5.880,  2.650,0
 46.905, -8.950, -0.671,0
 42.810, -4.691,  2.261,0
 45.255, -8.298, -1.344,0
 47.846, -7.363,  0.911,0
 49.488, -8.897, -0.510,0
 48.860, -8.211,  0.073,0
 50.312, -9.185, -0.190,0
 48.513,-10.011, -0.846,0
 48.879, -6.793,  2.849,0
 45.916, -5.873,  2.577,0
 44.935, -7.836,  2.219,0
 44.284,-11.444, -1.809,0
 45.349, -7.371,  2.668,0
 44.059, -7.044,  1.707,0
 44.726, -5.912,  2.344,0
 42.751, -9.822, -1.031,0
 42.452, -8.038,  0.357,0
 42.299, -4.909,  2.517,0
 36.529, -3.049,  3.025,0
 35.832, -6.515,  0.186,0
 35.067, -2.381,  4.225,0
 37.672, -7.106,  0.933,0
 35.889, -8.417,  0.179,0
 39.449, -7.255,  2.445,0
 36.784, -5.889,  1.370,0
 39.536, -9.569, -2.099,0
 41.669, -7.522,  0.469,0
 43.550, -8.655, -0.981,0
 39.959, -5.225,  1.393,0
 38.887,-11.049, -2.487,0
 42.347, -9.210, -0.570,0
 43.398, -7.931,  0.170,0
 45.819, -6.227,  3.292,0
 47.422, -8.549,  0.774,0
 44.777, -6.468,  1.377,0
 46.618, -7.604,  0.638,0
 44.404, -8.239, -0.693,0
 44.501, -5.650,  3.080,0
 43.981, -4.980,  3.012,0
 46.888, -5.929,  2.608,0
 47.334, -3.968,  5.755,0
 47.837, -8.071,  2.256,0
 47.150, -8.573,  1.548,0
 44.801, -5.710,  2.204,0
 47.074, -7.599,  0.413,0
 46.829, -8.761, -0.025,0
 47.126, -4.896,  3.734,0
 47.361, -5.873,  2.747,0
 43.825, -4.040,  3.345,0
 45.981, -7.025,  1.592,0
 45.374, -8.428, -0.546,0
 45.503, -5.474,  3.547,0
 43.138, -8.857, -0.157,0
 41.063, -4.175,  3.578,0
 43.222, -8.263,  0.658,0
 37.959, -4.635,  1.973,0
 39.865, -8.640,  0.149,0
 39.749, -5.727,  3.073,0
 38.410, -6.666,  1.224,0
 42.378, -6.141,  2.336,0
 41.960, -3.627,  4.138,0
 40.625, -5.528,  0.973,0
 42.016, -7.504, -0.602,0
 43.631, -4.800,  2.806,0
 42.416, -5.106,  1.763,0
 43.432, -5.626,  1.576,0
 44.946, -8.059, -0.490,0
 42.708, -3.992,  2.981,0
 41.708, -2.862,  3.711,0
 44.773, -4.866,  2.319,0
 45.719, -3.108,  4.667,0
 45.157, -6.890,  1.769,0
 45.849, -6.121,  2.784,0
 45.075,-10.733, -1.247,0
 44.759, -8.005,  0.874,0
 46.721, -9.568, -1.077,0
 45.812, -6.017,  2.395,0
 41.654, -3.700,  2.700,0
 41.368, -5.735,  0.776,0
 41.421,-11.079, -3.114,0
 44.392, -9.010,  0.344,0
 42.134, -5.906,  2.035,0
 42.268,-10.578, -1.693,0
 44.930, -9.241, -0.041,0
 43.168, -9.476, -0.439,0
 39.104, -4.989,  2.247,0
 40.294, -8.129,  0.065,0
 40.621, -3.414,  4.147,0
 43.024, -3.148,  4.719,0
 44.292, -7.244,  1.021,0
 43.674, -6.179,  2.343,0
 43.204, -7.069,  0.411,0
 43.741, -6.180,  1.893,0
 41.039, -4.610,  2.074,0
 41.338, -0.728,  6.187,0
 42.846, -5.023,  2.198,0
 39.549, -6.440,  1.037,0
 39.864, -4.754,  1.884,0
 42.755, -6.919,  0.185,0
 43.477, -4.670,  3.688,0
 44.893, -6.666,  2.120,0
 42.925, -6.734,  0.495,0
 44.491, -4.760,  3.216,0
 41.251, -6.731,  0.150,0
 38.774, -8.291, -0.591,0
 38.305, -3.739,  3.368,0
 39.901, -6.581,  1.154,0
 41.518, -6.201,  2.495,0
 42.753, -6.105,  2.318,0
 43.824, -7.184,  1.505,0
 44.237, -7.588,  1.374,0
 45.802, -7.878,  1.726,0
 44.879, -7.607,  1.042,0
 43.892, -5.660,  2.298,0
 43.451, -9.010, -1.282,0
 44.959, -9.676, -2.152,0
 46.580, -7.397,  1.465,0
 45.518, -6.174,  2.436,0
 44.427, -3.916,  4.378,0
 46.117, -7.988,  0.593,0
 45.725, -7.580, -0.190,0
 43.813, -5.849,  0.915,0
 40.550, -3.947,  1.694,0
 39.613, -6.004,  0.871,0
 36.938, -2.885,  2.701,0
 40.680, -4.351,  2.046,0
 39.758, -7.072,  0.348,0
 42.121, -2.513,  2.841,0
 47.688, -3.215,  2.853,0
 53.098, -4.896,  4.347,0
 54.339, -8.588,  3.033,0
 56.631, -7.791,  4.494,0
 55.417, -8.301,  9.867,0
 44.354,-20.219, 23.131,0
 38.998,-27.647, 31.421,0
 36.941,-27.856, 31.190,0
 36.159,-25.555, 27.950,0
 34.738,-24.323, 24.918,0
 35.079,-20.477, 20.052,0
 35.433,-12.203, 10.426,0
 33.984, -4.823,  3.602,0
 32.306, -1.501, -0.240,0
 26.887,  7.852,-12.736,0
 16.197, 20.714,-34.842,0
 22.444, 18.395,-25.701,0
 27.239, 13.654,-17.899,0
 31.256,  8.831,-11.226,0
 34.328,  3.382, -4.449,0
 37.284, -2.281,  0.240,0
 40.072, -3.443,  5.098,0
 41.511, -7.412,  5.068,0
 42.582, -8.895,  5.838,0
 43.976, -8.992,  6.674,0
 40.614, -6.010, 10.478,0
 36.756, -1.684,  7.812,0
 33.092, -4.548,  2.744,0
 30.122, -3.401,  2.205,0
 27.766,  1.154,  3.751,0
 27.637, -5.410,  0.372,0
 26.593,  0.975,  3.983,0
 21.899, -4.842, -2.137,0
 26.504, -3.649, -4.358,0
 29.485, -3.143,  1.304,0
 33.330, -0.798,  1.776,0
 35.460, -2.090,  3.083,0
 34.878, -3.247,  2.100,0
 35.815, -2.212,  2.976,0
 34.771, -4.556,  3.468,0
 33.931, -1.945,  3.955,0
 34.809, -5.204,  1.418,0
 33.008, -2.334,  3.132,0
 33.117, -2.436,  3.029,0
 32.961, -2.831,  2.647,0
 32.016, -5.911,  2.262,0
 31.397, -3.047,  3.002,0
 32.594, -2.418,  2.775,0
 33.457, -2.838,  2.841,0
 31.297, -3.898,  1.034,0
 29.432, -2.916,  2.614,0
 26.695, -1.777,  0.936,0
 27.417, -4.150, -2.430,0
 24.403,  1.413, -1.093,0
 21.913, -6.266, -3.155,0
 23.642, -0.562, -1.231,0
 22.619, -7.113, -3.758,0
 23.333,  0.086, -4.079,0
 24.012, -4.957, -2.208,0
 26.592, -0.305,  0.101,0
 26.548, -7.461, -3.554,0
 25.608, -1.337, -1.762,0
 31.206, -4.087, -1.042,0
 34.362, -0.988,  2.861,0
 35.783, -3.188,  1.482,0
 34.586, -4.532, -0.866,0
 30.919, -0.339, -0.081,0
 32.096, -6.285, -7.248,0
 31.898, -1.544, -2.326,0
 31.865, -3.306, -1.150,0
 33.542, -0.281,  2.217,0
 35.735, -5.378, -2.132,0
 35.394, -1.458,  0.549,0
 33.323, -0.805, -0.609,0
 34.120, -2.591, -0.420,0
 31.391, -2.122, -0.640,0
 26.903, -0.429, -3.132,0
 28.485,  0.184, -3.481,0
 30.202, -1.542,  0.884,0
 28.860, -2.444,  0.309,0
 30.035, -4.001, -3.285,0
 29.094,-10.750,  2.141,0
 28.934, -4.317,  2.213,0
 30.236, -4.184, -0.827,0
 22.513, -8.745,  3.303,0
 18.552, -4.424, -0.078,0
 14.620, -7.970, -5.861,0
  8.588, -5.950,-11.273,0
 10.271, -1.296, -8.393,0
 13.802, -5.293, -6.348,0
 17.749, -5.045, -2.551,0
 22.215,  1.003, -0.279,0
 28.141, -3.079, -4.089,0
 32.796, -4.610,  1.864,0
 34.067, -3.095,  3.852,0
 34.454, -5.793,  0.708,0
 33.633, -2.324,  2.967,0
 33.384, -2.045,  1.775,0
 33.569, -4.057,  1.099,0
 32.768, -1.402,  2.333,0
 32.503, -4.660,  0.487,0
 30.778, -1.364,  2.407,0
 32.411, -6.096, -0.322,0
 32.490, -1.337,  2.758,0
 33.591, -3.918,  1.785,0
 32.730, -2.757,  2.029,0
 33.051, -2.647,  1.694,0
 34.429, -1.953,  2.947,0
 33.471, -3.166,  0.264,0
 32.781, -1.991,  1.302,0
 34.099, -2.906,  1.382,0
 34.206, -2.894,  2.186,0
 32.816, -4.439,  0.976,0
 35.259, -2.068,  2.334,0
 33.381, -6.001,  1.604,0
 33.771, -3.051,  2.765,0
 34.016, -3.009,  1.637,0
 32.092, -5.422,  1.238,0
 33.162, -2.015,  2.576,0
 33.323, -5.802, -0.262,0
 32.810, -1.307,  2.521,0
 33.054, -2.396,  1.856,0
 32.025, -2.406,  1.956,0
 33.140, -2.140,  2.502,0
 33.427, -3.554,  1.463,0
 35.202, -5.247,  0.674,0
 33.451, -2.283,  3.024,0
 32.501, -3.158,  0.503,0
 31.734, -2.415,  1.914,0
 31.971, -3.146,  2.237,0
 32.548, -1.611,  1.569,0
 32.391, -3.275,  1.281,0
 32.896, -1.291,  2.186,0
 32.120, -3.533,  0.342,0
 32.928, -1.716,  2.217,0
 30.854, -4.796, -0.148,0
 31.939, -0.962,  1.985,0
 31.499, -3.698,  0.566,0
 32.092, -1.845,  2.108,0
 34.425, -4.104,  1.444,0
 34.432, -3.016,  1.861,0
 35.631, -1.786,  3.229,0
 35.037, -1.261,  2.134,0
 34.105, -4.972,  0.575,0
 34.057, -1.119,  2.717,0
 33.523, -4.863,  0.864,0
 33.699, -2.202,  2.462,0
 31.727, -3.635, -0.280,0
 32.370, -1.698,  2.014,0
 33.919, -3.357,  2.182,0
 33.369, -4.081,  1.546,0
 32.558, -1.750,  2.071,0
 33.726, -2.809,  1.636,0
 34.127, -1.750,  1.579,0
 32.084, -2.949,  2.167,0
 32.627, -3.289,  2.407,0
 32.925, -3.426,  1.683,0
 32.810, -4.039,  0.666,0
 33.013, -0.580,  3.005,0
 30.162, -3.963, -1.462,0
 27.721, -2.830,  5.454,0
 22.720,  0.768,  5.062,0
 20.569, -4.287, -1.647,0
 25.042,  2.091, -3.360,0
 25.760, -5.135, -4.223,0
 24.200, -0.129, -0.197,0
 22.560, -3.814, -3.161,0
 19.848, -1.218, -5.251,0
 17.375, -0.821, -2.889,0
 22.708, -4.608,  0.653,0
 22.031, -7.061,  8.525,0
 20.573, -2.594,  3.742,0
 18.797, -2.799, -1.281,0
 20.918,  3.963, 19.033,0
 11.421,  7.216, 18.137,0
  7.921,  7.179,  7.748,0
  4.996,  4.849, -0.234,0
  2.027, -4.560,-12.257,0
 -4.211, -8.680,-16.444,0
-11.099, -7.782,-20.219,0
 -9.853,-17.868,-44.597,0
 -7.457,-15.089,-40.197,0
 -1.971,-13.951,-42.314,0
  1.777,-15.703,-48.838,0
  5.523,-16.574,-52.064,0
  7.591,-15.930,-56.326,0
  9.044,-15.594,-54.425,0
  9.353,-15.295,-46.220,0
  8.878,-12.892,-38.081,0
  9.755,-12.068,-28.060,0
 10.463,-11.001,-15.006,0
 13.024,-11.027, -5.388,0
 17.636,-11.869,  3.776,0
 22.528,-13.489, 12.849,0
 28.782,-10.467, 15.679,0
 34.476,-10.602, 15.253,0
 39.196, -8.999, 21.012,0
 42.259, -9.571, 18.766,0
 44.699,-11.631, 10.801,0
 47.974,-11.585,  7.795,0
 49.497, -9.383,  5.979,0
 50.957, -7.261,  4.933,0
 56.103, -4.602, 19.988,0
 56.474, -7.247, 13.660,0
 56.556, -8.331,  8.302,0
 55.855, -6.934,  5.792,0
 56.970, -7.018,  3.432,0
 56.860, -7.283,  1.985,0
 56.807, -7.161,  2.170,0
 57.012, -6.920,  1.656,0
 56.476, -6.425,  1.984,0
 56.757, -6.559,  1.328,0
 57.642, -5.904,  2.091,0
 56.730, -7.630,  1.034,0
 58.793, -7.137,  1.390,0
 57.363, -6.490,  1.748,0
 56.958, -6.689,  2.342,0
 57.381, -7.032,  1.689,0
 57.180, -6.001,  2.234,0
 57.480, -5.626,  2.233,0
 56.405, -5.212,  2.436,0
 56.908, -5.408,  3.198,0
 55.377, -6.380,  2.634,0
 53.408, -6.312,  5.315,0
 50.118, -4.435,  2.272,0
 46.604, -7.864, -4.623,0
 45.057, -1.237,  8.938,0
 44.490, -5.446, -5.131,0
 47.173, -8.641, -3.462,0
 49.737, -7.932, -1.045,0
 53.407, -7.950, -2.531,0
 56.894, -6.636,  2.206,0
 58.315, -7.615,  6.036,0
 56.367, -8.209,  3.717,0
 54.987, -9.466,  1.186,0
 54.530, -8.553,  2.281,0
 55.981, -8.690, -0.243,0
 54.683, -9.934, -4.821,0
 54.695, -8.523, -3.545,0
 53.475, -6.969, -1.328,0
 53.682, -7.538, -1.075,0
 53.728, -6.113,  0.931,0
 54.560, -6.217,  2.107,0
 54.268, -6.188,  2.145,0
 53.942, -6.700,  1.328,0
 53.111, -6.537,  0.834,0
 53.037, -7.110,  0.637,0
 53.396, -8.226, -0.631,0
 54.726, -7.726,  0.317,0
 54.863, -8.600, -0.889,0
 54.988, -8.428, -0.575,0
 55.897, -7.601,  0.530,0
 56.785, -7.545,  1.609,0
 55.758, -8.233,  3.313,0
 57.135,-10.399,  0.723,0
 57.596, -8.201,  7.618,0
 56.678,-10.555,  3.276,0
 55.587,-10.757,  0.225,0
 53.152, -9.031,  0.191,0
 52.809, -8.983, -1.243,0
 53.681, -7.866, -1.293,0
 53.304, -7.171, -0.559,0
 52.353, -6.648,  1.978,0
 52.015, -4.581,  2.599,0
 52.227, -5.981,  0.665,0
 49.878, -3.214,  6.764,0
 49.298, -6.963,  2.192,0
 48.577, -8.545, -1.915,0
 48.791, -6.809,  0.097,0
 49.779, -6.229,  0.430,0
 51.718, -6.766, -0.299,0
 52.921, -7.291, -0.193,0
 53.193, -7.373,  4.162,0
 53.544, -8.403,  9.275,0
 53.860, -9.992,  5.255,0
 54.585,-10.531,  0.194,0
 55.334,-10.708,  2.322,0
 55.596,-10.056,  2.080,0
 55.560, -9.140,  4.973,0
 57.393,-10.090,  3.491,0
 57.997, -9.721,  2.057,0
 54.454, -9.394, -4.262,0
 54.491, -7.933, -0.247,0
 54.586, -8.049, -2.857,0
 54.562, -8.136, -1.098,0
 55.166, -8.330, -1.878,0
 56.118, -8.876, -1.068,0
 56.971, -8.886, -0.692,0
 57.995, -9.296, -0.201,0
 57.503, -8.422,  1.083,0
 57.677, -9.102,  0.861,0
 59.090,-11.627, -1.761,0
 59.653,-11.136, -0.935,0
 59.436,-10.009,  0.474,0
 59.092,-10.594, -0.125,0
 60.151,-11.413,  0.654,0
 60.361,-10.415,  1.443,0
 59.531,-10.423,  0.900,0
 59.313, -9.193,  1.805,0
 59.697,-10.755, -0.977,0
 58.990,-11.264,  1.013,0
 57.554,-11.082,  6.882,0
 57.638,-11.813,  1.806,0
 57.111,-11.354,  0.778,0
 57.052,-11.523, -2.266,0
 56.980,-10.275, -0.133,0
 55.932, -9.934, -0.131,0
 55.384,-10.539,  0.000,0
 55.932,-11.222,  0.133,0
 56.089, -9.775,  2.583,0
 56.281, -8.538,  4.807,0
 55.712, -7.548,  5.412,0
 56.165, -8.112,  4.488,0
 56.134, -8.468,  3.696,0
 57.170, -9.241,  1.414,0
 56.586, -8.717,  2.223,0
 58.307, -8.673,  2.171,0
 59.993, -9.053,  3.010,0
 60.749, -8.978,  4.092,0
 65.456, -2.444, -4.551,0
 65.134, -4.951, -0.908,0
 66.484, -6.965,  4.428,0
 66.431, -9.016,  9.632,0
 65.397, -9.485,  5.564,0
 64.039, -8.897,  3.956,0
 64.289, -8.910,  1.947,0
 61.806, -7.397,  2.325,0
 60.579, -7.463,  1.459,0
 58.322, -6.222,  2.650,0
 57.508, -6.817,  1.915,0
 55.922, -6.738,  1.477,0
 55.046, -6.774,  0.942,0
 54.460, -6.278,  1.366,0
 55.111, -6.313,  1.317,0
 54.556, -6.061,  1.011,0
 54.476, -5.870,  1.416,0
 53.794, -6.326,  1.657,0
 54.201, -6.409,  1.466,0
 53.596, -6.273,  1.563,0
 53.286, -6.370,  1.370,0
 51.652, -5.665,  1.567,0
 52.338, -5.453,  1.821,0
 51.663, -5.504,  1.137,0
 52.843, -5.904,  1.455,0
 52.185, -5.346,  1.644,0
 52.780, -5.995,  0.881,0
 52.914, -5.408,  1.354,0
 52.472, -5.178,  2.502,0
 53.419, -5.792,  1.703,0
 53.375, -5.594,  0.851,0
 53.126, -5.878,  0.880,0
 52.997, -7.312,  3.057,0
 52.179, -6.461,  2.585,0
 52.112, -6.206,  1.818,0
 52.881, -6.621,  0.822,0
 52.312, -5.636,  1.791,0
 51.982, -6.506,  1.153,0
 52.645, -6.547,  0.537,0
 51.817, -5.604,  1.066,0
 51.158, -6.080,  1.715,0
 51.664, -6.436,  1.238,0
 52.028, -6.019,  1.269,0
 52.908, -6.087,  1.322,0
 52.377, -8.098,  1.708,0
 51.875, -7.117,  2.592,0
 51.444, -5.766,  2.503,0
 50.681, -5.664,  1.571,0
 53.091, -4.334, -0.424,0
 49.255, -4.082,  0.194,0
 47.170, -4.224, -1.833,0
 46.281, -4.654, -2.962,0
 47.125, -5.947,  3.946,0
 50.668, -7.731,  2.237,0
 51.484, -8.644,  4.495,0
 51.866, -4.832,  9.353,0
 50.974, -8.078,  4.978,0
 49.515, -8.066,  3.197,0
 47.371, -7.731,  2.334,0
 45.483, -6.200,  3.167,0
 43.729, -7.584,  2.596,0
 43.485, -7.261,  2.479,0
 42.938, -8.494,  1.965,0
 43.458, -7.557,  2.676,0
 43.011, -8.050,  1.935,0
 41.736, -8.180,  2.565,0
 42.356, -7.543,  2.203,0
 42.609, -8.027,  1.218,0
 43.618, -8.491,  1.165,0
 44.214, -8.326,  1.733,0
 43.517, -6.548,  3.099,0
 43.732, -7.480,  2.327,0
 44.028, -8.180,  1.427,0
 43.543, -6.779,  2.215,0
 41.717, -5.259,  3.225,0
 42.300, -8.804,  0.975,0
 41.423, -7.491,  1.679,0
 42.140, -7.942,  1.558,0
 41.477, -5.923,  3.161,0
 39.891, -6.901,  2.415,0
 40.270, -6.075,  2.588,0
 42.613, -7.587,  1.996,0
 43.343, -7.614,  2.054,0
 43.255, -6.454,  3.160,0
 42.909, -7.010,  1.864,0
 42.873, -7.732,  1.563,0
 43.182, -8.029,  1.886,0
 42.856, -7.371,  2.214,0
 44.179, -8.078,  1.353,0
 44.285, -7.389,  1.706,0
 44.108, -8.276,  1.143,0
 43.775, -7.137,  2.892,0
 43.578, -7.076,  2.564,0
 44.391, -8.353,  1.835,0
 44.940, -7.461,  2.802,0
 45.419, -7.820,  2.111,0
 43.624, -7.949,  1.670,0
 43.303, -8.381,  1.856,0
 43.722, -8.148,  2.233,0
 43.761, -7.459,  3.110,0
 43.524, -8.000,  2.396,0
 43.031, -6.868,  2.035,0
 42.458, -7.300,  1.250,0
 42.551, -6.594,  2.489,0
 43.730, -7.485,  1.863,0
 44.309, -6.761,  2.720,0
 43.563, -8.011,  1.463,0
 42.586, -6.556,  2.709,0
 42.453, -8.448,  0.970,0
 43.274, -7.072,  2.360,0
 43.758, -7.261,  2.163,0
 41.970, -7.515,  2.540,0
 42.511, -7.359,  2.269,0
 42.243, -5.642,  2.386,0
 43.622, -7.074,  1.992,0
 43.113, -7.373,  2.453,0
 42.101, -6.768,  2.656,0
 43.220, -7.204,  2.312,0
 42.706, -7.738,  2.122,0
 44.115, -6.820,  3.377,0
 42.202, -6.737,  2.169,0
 41.300, -6.364,  2.424,0
 42.253, -8.972,  0.432,0
 43.535, -7.517,  1.987,0
 43.087, -6.578,  2.712,0
 42.054, -8.392,  1.185,0
 42.604, -7.615,  1.953,0
 43.104, -7.993,  1.360,0
 43.224, -7.624,  0.993,0
 42.703, -6.491,  2.977,0
 43.570, -7.850,  2.241,0
 43.719, -7.721,  1.972,0
 43.399, -7.041,  2.805,0
 44.504, -8.112,  1.733,0
 43.073, -7.012,  2.649,0
 43.692, -7.494,  1.903,0
 42.738, -8.437,  1.463,0
 42.290, -7.160,  2.308,0
 43.455, -7.423,  2.403,0
 44.213, -7.806,  2.444,0
 43.727, -7.288,  2.624,0
 43.877, -7.535,  2.391,0
 44.133, -6.650,  2.840,0
 44.287, -8.003,  1.888,0
 43.371, -6.801,  2.592,0
 42.739, -7.538,  1.843,0
 43.671, -8.844,  1.109,0
 43.092, -6.340,  3.256,0
 42.494, -8.200,  1.294,0
 42.571, -6.973,  2.441,0
 43.440, -7.504,  1.658,0
 42.849, -7.404,  2.435,0
 42.568, -8.039,  1.693,0
 42.599, -8.135,  1.316,0
 41.270, -7.295,  2.442,0
 41.259, -7.247,  1.957,0
 43.513, -8.025,  1.520,0
 43.306, -7.403,  2.573,0
 43.762, -8.797,  1.528,0
 44.152, -8.255,  2.051,0
 42.717, -5.597,  4.370,0
 42.921, -7.643,  1.977,0
 42.440, -6.045,  2.229,0
 43.412, -6.219,  2.474,0
 44.074, -7.245,  1.801,0
 43.614, -7.249,  2.614,0
 43.693, -7.457,  2.285,0
 43.948, -9.002,  1.399,0
 43.489, -6.996,  2.058,0
 43.452, -6.361,  3.024,0
 42.878, -7.450,  2.304,0
 44.223, -7.807,  1.542,0
 44.305, -7.836,  2.631,0
 44.653, -8.239,  2.261,0
 45.828, -8.633,  1.850,0
 44.404, -8.202,  1.831,0
 44.563, -7.408,  2.088,0
 43.304, -8.301,  1.569,0
 43.904, -7.728,  2.269,0
 42.512, -7.528,  2.480,0
 42.992, -7.016,  2.717,0
 41.871, -6.551,  2.032,0
 42.632, -8.923,  0.408,0
 42.742, -8.928,  0.648,0
 43.171, -7.083,  2.501,0
 44.879, -7.514,  2.377,0
 44.805, -8.522,  2.040,0
 44.014, -7.659,  2.412,0
 43.389, -7.884,  2.164,0
 43.570, -7.291,  2.723,0
 43.752, -7.891,  2.411,0
 43.619, -7.493,  2.485,0
 45.309, -8.127,  2.001,0
 44.684, -7.275,  2.296,0
 44.541, -9.145,  1.285,0
 44.586, -7.155,  2.829,0
 44.390, -6.366,  3.083,0
 45.533, -7.788,  2.413,0
 45.372, -7.822,  2.008,0
 45.019, -8.028,  1.576,0
 43.114, -7.622,  2.129,0
 43.169, -7.136,  2.384,0
 44.106, -7.518,  2.205,0
 44.695, -9.064,  0.843,0
 44.845, -7.484,  2.377,0
 44.655, -6.947,  2.536,0
 44.266, -8.504,  1.550,0
 44.239, -8.790,  1.203,0
 44.192, -6.847,  2.683,0
 42.581, -8.053,  0.763,0
 42.183, -7.891,  1.879,0
 41.772, -7.244,  2.063,0
 41.764, -8.014,  0.811,0
 42.167, -7.093,  2.085,0
 42.470, -8.454,  1.156,0
 43.479, -7.773,  1.724,0
 42.675, -6.932,  2.406,0
 43.352, -5.847,  2.847,0
 42.416, -8.469,  1.093,0
 42.998, -8.062,  2.371,0
 42.230, -7.712,  2.712,0
 42.088, -7.224,  2.198,0
 42.828, -8.278,  2.028,0
 43.388, -8.338,  1.632,0
 44.291, -6.769,  3.370,0
 43.183, -7.947,  2.092,0
 43.968, -7.469,  2.925,0
 43.879, -7.334,  2.799,0
 42.948, -6.556,  3.844,0
 43.218, -7.340,  2.593,0
 43.126, -8.624,  1.540,0
 42.243, -6.628,  2.197,0
 43.047, -7.032,  2.101,0
 44.418, -7.664,  2.058,0
 44.951, -6.965,  2.898,0
 44.652, -7.400,  2.728,0
 45.784, -8.837,  1.373,0
 46.415, -7.728,  2.823,0
 46.056, -8.761,  1.564,0
 45.393, -9.027,  1.615,0
 44.195, -7.559,  2.675,0
 43.174, -7.802,  2.274,0
 41.989, -7.048,  1.607,0
 42.618, -7.229,  1.967,0
 42.769, -7.963,  1.797,0
 42.946, -6.975,  2.170,0
 42.281, -6.294,  2.533,0
 42.820, -6.900,  2.487,0
 43.637, -7.677,  2.149,0
 44.784, -8.157,  2.302,0
 44.459, -7.614,  1.853,0
 44.992, -8.013,  1.742,0
 44.735, -7.408,  2.792,0
 44.253, -8.656,  1.810,0
 42.917, -7.124,  3.165,0
 42.318, -8.220,  2.268,0
 43.130, -6.847,  2.847,0
 42.760, -8.336,  1.757,0
 42.087, -7.666,  2.901,0
 42.518, -7.778,  2.427,0
 41.755, -7.198,  1.659,0
 42.983, -7.454,  1.837,0
 43.181, -6.712,  1.972,0
 42.321, -7.813,  1.938,0
 43.285, -8.602,  1.476,0
 42.409, -7.525,  2.625,0
 42.434, -6.593,  2.752,0
 43.051, -6.415,  3.162,0
 43.825, -8.022,  2.132,0
 43.111, -7.219,  2.738,0
 42.105, -8.615,  1.741,0
 41.531, -6.896,  2.497,0
 40.959, -9.411,  0.409,0
 43.167, -8.531,  1.400,0
 43.013, -7.300,  2.042,0
 42.186, -7.639,  1.883,0
 43.218, -8.210,  2.064,0
 44.232, -8.046,  2.361,0
 43.477, -7.650,  2.758,0
 43.249, -6.875,  3.067,0
 42.725, -6.447,  3.721,0
 43.691, -9.452,  0.701,0
 42.607, -7.748,  1.728,0
 42.895, -7.231,  2.133,0
 43.644, -7.532,  1.996,0
 44.402, -9.063,  0.714,0
 44.726, -8.525,  1.388,0
 44.470, -8.778,  1.272,0
 44.054, -7.448,  2.477,0
 44.601, -9.302,  1.341,0
 44.356, -7.819,  2.046,0
 43.295, -6.801,  2.439,0
 43.842, -7.396,  1.960,0
 44.442, -7.135,  2.433,0
 44.483, -7.773,  2.217,0
 44.179, -6.505,  3.247,0
 43.764, -7.272,  2.205,0
 43.503, -8.386,  1.294,0
 44.171, -8.331,  2.244,0
 42.935, -7.652,  2.288,0
 44.682, -8.045,  1.954,0
 45.766, -7.799,  2.382,0
 45.018, -7.525,  2.254,0
 43.107, -7.448,  1.912,0
 43.397, -9.433,  0.353,0
 43.558, -7.554,  2.540,0
 44.996, -7.313,  2.178,0
 43.938, -7.154,  2.067,0
 43.421, -8.614,  0.925,0
 43.400, -7.822,  1.897,0
 43.429, -8.123,  1.673,0
 43.129, -7.415,  2.580,0
 44.281, -8.120,  1.983,0
 43.861, -7.732,  2.984,0
 44.000, -7.913,  1.682,0
 44.534, -7.725,  2.253,0
 44.907, -7.416,  2.385,0
 44.995, -7.675,  2.314,0
 45.325, -6.804,  3.003,0
 45.488, -7.838,  2.443,0
 45.109, -7.268,  2.898,0
 44.485, -8.286,  1.949,0
 43.567, -7.599,  2.262,0
 42.787, -6.401,  3.026,0
 44.638, -8.046,  2.393,0
 43.767, -7.761,  2.023,0
 43.991, -8.254,  0.605,0
 43.979, -6.443,  2.967,0
 43.768, -7.195,  2.088,0
 44.354, -6.287,  2.680,0
 45.080, -6.958,  1.223,0
 43.877, -7.532,  1.191,0
 43.864, -6.277,  2.583,0
 43.644, -6.645,  2.517,0
 44.154, -6.840,  2.944,0
 44.949, -7.838,  1.691,0
 45.122, -8.312,  2.149,0
 45.924, -7.546,  2.061,0
 44.078, -6.733,  2.969,0
 43.668, -9.142,  0.944,0
 43.856, -8.222,  1.595,0
 43.651, -8.630,  2.157,0
 42.924, -7.253,  3.168,0
 42.616, -7.607,  2.903,0
 43.682, -8.649,  1.736,0
 43.342, -7.368,  2.608,0
 42.987, -7.594,  2.696,0
 43.227, -6.843,  2.009,0
 43.879, -7.854,  2.287,0
 44.660, -7.888,  2.486,0
 43.980, -9.302,  1.215,0
 44.838, -8.101,  2.592,0
 44.374, -6.872,  2.303,0
 44.709, -7.535,  1.998,0
 43.906, -8.800,  2.027,0
 43.357, -9.348,  1.202,0
 43.534, -8.118,  1.968,0
 43.541, -8.116,  2.515,0
 43.363, -8.011,  2.012,0
 42.458, -7.027,  2.842,0
 44.474, -8.643,  2.109,0
 42.747, -7.383,  1.958,0
 43.409, -7.559,  2.136,0
 44.219, -7.965,  1.180,0
 43.974, -8.035,  0.962,0
 42.813, -7.302,  1.653,0
 42.629, -8.291,  2.057,0
 43.949, -8.617,  1.870,0
 43.358, -7.706,  2.712,0
 43.160, -7.839,  2.168,0
 43.184, -9.904,  0.698,0
 44.421, -8.391,  2.178,0
 44.484, -7.669,  2.582,0
 43.557, -7.142,  2.080,0
 42.667, -6.034,  3.061,0
 44.165, -8.453,  0.853,0
 42.524, -7.981,  1.855,0
 42.865, -9.544,  0.628,0
 42.916, -8.338,  1.465,0
 43.378, -7.905,  1.958,0
 44.659, -9.095,  0.424,0
 46.103, -9.272,  0.928,0
 45.895, -9.044,  1.244,0
 45.393,-10.241, -0.093,0
 45.021, -8.990,  1.140,0
 45.094, -8.524,  1.864,0
 44.758, -9.054,  0.676,0
 45.162, -8.189,  1.531,0
 45.020, -8.724,  1.648,0
 45.314, -7.935,  1.532,0
 45.467, -8.463,  1.595,0
 45.570, -9.087,  1.290,0
 44.993, -8.872,  1.160,0
 45.301, -8.282,  1.338,0
 45.316, -9.107,  0.386,0
 43.583, -8.220,  1.570,0
 42.917, -8.513,  1.509,0
 43.567,-10.360,  0.527,0
 42.579, -7.954,  1.399,0
 42.948, -8.608,  0.982,0
 44.493,-10.183,  0.163,0
 43.466, -8.641,  1.536,0
 44.329, -8.874,  1.272,0
 42.953, -8.779,  1.431,0
 42.757, -7.690,  1.355,0
 42.842, -8.501,  1.221,0
 43.306, -8.985,  0.677,0
 43.188, -8.149,  1.684,0
 44.093,-11.470, -0.782,0
 44.342, -9.156,  2.015,0
 43.155,-10.760,  0.417,0
 43.776, -8.425,  1.075,0
 44.746, -8.753,  0.774,0
 44.998, -9.101,  0.512,0
 44.001,-10.112,  0.027,0
 43.657, -9.544,  0.475,0
 44.013, -8.431,  1.987,0
 44.558, -8.023,  1.820,0
 43.651, -9.564,  0.794,0
 43.594, -9.303,  0.558,0
 43.901, -8.651,  1.610,0
 43.973, -9.798,  0.401,0
 42.777, -7.909,  1.946,0
 43.000, -9.282,  0.446,0
 43.163, -8.865,  0.555,0
 43.150, -8.824,  0.540,0
 43.958, -9.816, -0.429,0
 42.901, -8.398,  2.074,0
 42.668, -9.123,  1.818,0
 43.901, -9.329,  0.556,0
 43.146, -7.857,  2.001,0
 43.413, -9.374, -0.042,0
 42.922, -8.667,  0.039,0
 43.565, -7.783,  0.829,0
 43.940, -9.682, -0.550,0
 43.865, -8.691,  0.551,0
 44.490, -9.730,  0.434,0
 44.283, -8.181,  1.285,0
 45.008,-10.337, -0.534,0
 43.854, -9.309,  1.131,0
 44.331,-10.124,  0.422,0
 43.345,-11.346, -0.990,0
 43.110, -9.560, -0.185,0
 43.003, -7.243,  2.262,0
 43.124, -8.953,  1.511,0
 43.655,-10.593,  0.064,0
 43.717, -9.639,  1.819,0
 43.948, -9.749,  0.384,0
 43.688, -9.927,  0.755,0
 44.024, -8.780,  1.589,0
 43.369, -9.852,  0.517,0
 42.029, -7.554,  2.464,0
 42.469,-10.506,  0.372,0
 43.738, -9.548,  0.747,0
 43.192, -9.253,  0.872,0
 43.243, -9.512,  0.653,0
 42.764, -8.419,  1.260,0
 42.971, -8.182,  0.902,0
 44.237, -8.986,  1.216,0
 43.887, -7.571,  2.363,0
 44.939, -9.199,  1.631,0
 44.679,-10.446,  0.915,0
 43.037,-11.377,  0.006,0
 43.763, -9.709,  1.253,0
 43.296, -9.545,  1.492,0
 41.646, -9.310,  1.540,0
 41.585,-11.201, -0.456,0
 41.689, -9.993,  0.447,0
 42.933,-11.813, -0.643,0
 42.951, -9.404,  0.925,0
 43.222, -8.982,  1.518,0
 42.686, -8.541,  1.617,0
 42.431, -8.061,  1.744,0
 42.333, -9.914,  0.235,0
 42.302, -9.049,  2.174,0
 44.162,-10.161,  0.516,0
 45.269, -9.182,  1.266,0
 45.686,-10.303,  0.774,0
 44.696, -9.128,  1.658,0
 44.286, -9.192,  0.577,0
 44.480, -9.039,  1.352,0
 44.273, -9.206,  1.347,0
 44.625,-10.427,  0.085,0
 44.097, -9.701,  0.589,0
 44.237,-10.747, -0.565,0
 43.653, -9.880,  0.525,0
 43.034,-10.907,  0.457,0
 42.950, -9.366,  1.428,0
 42.591, -8.891,  1.275,0
 42.966, -9.470,  0.377,0
 43.816, -9.872,  0.398,0
 43.188, -8.792,  0.281,0
 42.162, -8.883,  1.503,0
 41.524, -7.437,  1.721,0
 42.519, -8.191,  0.958,0
 42.170, -7.781,  1.794,0
 42.751, -9.462,  0.609,0
 42.704, -8.455,  1.881,0
 43.631, -9.084,  1.557,0
 43.232, -9.550,  2.005,0
 43.129, -9.289,  1.323,0
 42.607, -7.894,  2.023,0
 42.365, -8.873,  0.809,0
 42.387, -8.414,  1.632,0
 42.777, -7.848,  1.042,0
 42.780, -9.048,  1.009,0
 44.214, -9.260,  0.643,0
 44.298,-10.066,  0.010,0
 43.290, -7.589,  1.607,0
 44.182, -8.865,  0.683,0
 43.878, -9.329,  0.585,0
 44.766, -9.241,  0.962,0
 42.963, -8.187,  1.249,0
 44.315, -9.948,  0.655,0
 43.435, -8.804,  1.273,0
 44.124, -9.877,  1.031,0
 44.005,-10.864, -0.756,0
 43.013, -9.754,  0.802,0
 42.075, -9.805,  0.712,0
 42.565, -7.727,  2.746,0
 41.144, -8.428,  1.020,0
 42.546, -8.165,  1.027,0
 43.057, -9.534,  0.642,0
 43.664,-10.013,  0.247,0
 43.048, -8.956,  1.095,0
 43.307, -9.978,  0.111,0
 43.350, -9.465,  0.525,0
 42.605, -8.337,  1.447,0
 43.777,-10.534,  0.197,0
 43.105, -8.575,  2.000,0
 43.979,-10.415,  0.478,0
 44.135,-10.172,  0.836,0
 43.212, -9.684,  0.311,0
 42.936, -8.923,  0.469,0
 43.890, -9.305,  1.163,0
 44.029, -8.091,  1.619,0
 43.322, -8.195,  1.309,0
 44.641, -8.672,  1.223,0
 44.770, -8.962,  1.051,0
 44.331, -9.050,  1.427,0
 44.643,-10.650,  0.588,0
 43.865, -8.470,  1.379,0
 43.674, -8.385,  1.548,0
 43.772, -8.320,  0.906,0
 44.222, -8.813,  0.032,0
 44.156, -8.668,  0.215,0
 43.329, -9.178,  1.089,0
 42.547,-10.543, -0.386,0
 42.426, -9.212,  1.503,0
 43.750, -9.511,  1.596,0
 43.782, -9.285,  0.474,0
 44.197, -9.305,  1.321,0
 44.093, -9.020,  0.582,0
 45.278, -8.354,  1.194,0
 45.170, -9.860, -0.753,0
 44.887, -8.300,  0.345,0
 46.027,-10.495, -0.766,0
 45.296, -7.781,  1.110,0
 45.629, -8.425,  0.475,0
 45.147, -9.085,  0.244,0
 45.985, -9.674, -0.226,0
 43.704, -9.245,  0.759,0
 44.979,-10.078,  0.392,0
 44.839, -9.725,  1.637,0
 45.088,-10.407,  0.222,0
 43.658, -7.969,  3.037,0
 44.210, -9.858,  0.819,0
 43.733, -8.165,  2.299,0
 44.852,-10.445, -0.113,0
 44.102, -8.803,  1.685,0
 44.594, -9.308,  1.417,0
 44.077, -9.542,  1.312,0
 43.576, -9.754,  0.651,0
 43.692, -9.868,  0.596,0
 43.663, -9.114,  0.981,0
 43.176, -9.310,  1.536,0
 42.335,-10.291,  0.753,0
 40.664, -7.627,  1.492,0
 40.896, -8.950,  0.717,0
 42.151, -9.769,  0.034,0
 42.167, -9.185,  1.402,0
 42.550,-10.108,  0.780,0
 42.958, -7.917,  2.664,0
 43.338, -9.649,  1.421,0
 43.748, -8.682,  1.991,0
 41.347, -9.704,  0.428,0
 42.191, -8.973,  0.507,0
 42.651, -8.081,  1.024,0
 43.063, -9.415,  0.405,0
 43.397, -9.175,  0.914,0
 44.038, -9.618,  0.248,0
 42.680, -8.968,  0.651,0
 41.199, -9.341,  1.543,0
 41.439, -8.723,  1.433,0
 42.348, -9.835, -0.071,0
 42.314, -7.487,  0.933,0
 41.936,-10.000, -0.418,0
 41.612, -8.918,  0.018,0
 40.654, -7.147,  0.620,0
 41.401, -8.226,  0.382,0
 41.614, -8.620, -0.100,0
 42.604, -9.133,  0.301,0
 42.125,-10.111, -0.205,0
 42.387, -8.819,  1.555,0
 42.070, -9.961, -0.149,0
 42.578, -9.380,  1.070,0
 42.144, -8.691,  1.690,0
 42.687,-11.543,  0.276,0
 42.675, -8.825,  1.167,0
 43.448, -9.706,  0.967,0
 43.225, -8.422,  1.590,0
 42.285, -8.344,  1.524,0
 42.427, -9.939,  0.638,0
 42.492, -8.392,  1.865,0
 42.370, -8.810,  0.854,0
 42.077, -7.937,  2.335,0
 42.484, -9.567,  0.248,0
 43.545, -8.056,  1.579,0
 42.773, -6.709,  1.913,0
 42.942, -9.435,  0.977,0
 43.161, -9.190,  1.582,0
 44.143, -9.745,  0.275,0
 42.398, -7.797,  2.296,0
 42.322, -9.115,  0.284,0
 42.809, -8.182,  0.945,0
 42.806, -9.323,  0.490,0
 42.677, -9.098,  0.423,0
 42.965, -7.955,  1.098,0
 42.961, -8.582,  1.200,0
 43.089, -9.117,  0.723,0
 43.854,-10.431, -0.440,0
 44.580, -9.441,  1.296,0
 44.358, -9.196,  1.064,0
 44.078, -9.134,  0.766,0
 44.065,-10.348,  0.601,0
 43.793,-10.398,  0.085,0
 43.838, -9.272,  0.925,0
 43.114, -9.184,  0.618,0
 42.177, -8.601,  1.020,0
 42.532, -8.000,  1.510,0
 44.278, -9.924, -0.073,0
 43.772, -9.309,  0.066,0
 42.292, -7.373,  2.412,0
 43.009, -8.824,  1.057,0
 43.450, -9.974,  0.406,0
 44.035, -9.254,  0.795,0
 44.003, -9.111,  1.048,0
 43.866, -8.852,  1.154,0
 44.212, -6.657,  1.651,0
 44.535, -8.771,  0.916,0
 43.923, -9.521, -0.283,0
 44.074, -8.396,  1.707,0
 45.251, -8.428,  1.155,0
 45.357, -9.764,  0.877,0
 44.231,-10.518,  0.610,0
 43.200, -9.375,  1.227,0
 42.545,-10.977, -0.638,0
 42.470, -7.905,  1.495,0
 43.512, -9.311,  1.003,0
 42.868, -9.424,  0.843,0
 42.350, -8.315,  1.110,0
 44.127, -8.857,  0.852,0
 44.883,-10.282,  0.984,0
 43.654, -8.509,  1.589,0
 43.611, -8.302,  1.089,0
 42.709, -7.724,  0.277,0
 42.988, -8.682,  0.060,0
 41.546, -8.555,  0.779,0
 42.220, -8.661,  0.305,0
 43.008, -8.847,  0.450,0
 42.846, -8.910,  0.808,0
 42.336, -7.141,  1.373,0
 43.121, -7.626,  0.538,0
 42.202, -7.223,  1.439,0
 44.004,-10.383, -0.793,0
 42.975, -7.659,  1.533,0
 43.061, -9.168,  0.124,0
 42.914,-10.924, -0.180,0
 43.009, -9.108,  1.393,0
 43.043, -9.197,  1.657,0
 43.346, -9.406,  1.747,0
 43.788, -9.580,  0.736,0
 43.945, -8.791,  0.637,0
 44.302, -8.212,  0.912,0
 44.517, -8.330, -0.452,0
 45.022, -8.666,  0.046,0
 44.505, -9.237,  0.991,0
 44.443, -9.066,  1.607,0
 44.433, -9.407,  1.728,0
 42.931, -9.702,  2.203,0
 42.991, -9.853,  0.765,0
 42.470, -8.662,  1.036,0
 42.240, -9.619,  0.803,0
 43.108,-10.225,  1.311,0
 42.457, -8.740,  1.522,0
 43.303,-10.812, -0.778,0
 42.558, -7.616,  2.030,0
 44.106,-11.122, -0.350,0
 43.184, -9.352,  0.564,0
 43.458, -9.902, -0.123,0
 44.226, -9.307,  0.300,0
 43.892, -8.357,  2.530,0
 43.895,-11.188, -1.013,0
 43.681, -8.587,  1.810,0
 42.519, -8.031,  0.840,0
 42.360, -7.959,  0.913,0
 42.377, -9.557, -0.027,0
 42.128, -9.117,  0.514,0
 42.034, -7.875,  1.622,0
 42.355, -7.181,  1.251,0
 42.265,-10.068, -0.137,0
 41.351, -8.416,  1.748,0
 41.282, -9.821,  0.501,0
 42.331, -8.752,  1.742,0
 44.166,-11.117, -0.118,0
 43.373, -8.722,  1.704,0
 43.342, -9.220,  0.859,0
 43.281, -9.318,  0.412,0
 43.992, -8.584,  0.628,0
 44.648, -8.942,  0.351,0
 43.858, -7.676,  1.932,0
 44.737,-10.707, -0.054,0
 45.004, -9.196,  1.113,0
 44.550, -8.304,  1.523,0
 43.499, -8.881,  1.416,0
 43.975, -9.693,  0.756,0
 43.151, -9.204,  1.234,0
 43.663, -8.207,  1.921,0
 43.901,-10.711,  0.011,0
 43.020, -9.991,  0.652,0
 44.390,-10.105,  0.420,0
 43.397, -8.665,  0.805,0
 44.159, -8.167,  1.065,0
 45.638, -8.604,  0.944,0
 45.036, -8.753,  0.061,0
 44.835, -7.337,  1.060,0
 45.072,-10.375, -1.866,0
 44.297, -8.319,  0.738,0
 43.712,-10.393, -0.278,0
 44.966, -8.793,  1.491,0
 44.383, -8.611,  1.421,0
 44.119, -8.549,  1.075,0
 43.970, -8.052,  0.486,0
 44.127, -7.726,  1.068,0
 42.844, -8.358,  0.807,0
 43.359, -9.360,  0.121,0
 43.397, -9.972, -0.222,0
 44.030, -9.123,  0.927,0
 44.591,-10.225,  0.606,0
 44.042, -9.023,  0.777,0
 44.185, -8.839,  1.124,0
 43.986,-11.492, -0.880,0
 44.677, -9.843,  1.199,0
 45.497, -9.298,  0.697,0
 44.405, -9.296,  0.983,0
 43.990,-10.320,  0.573,0
 43.879,-11.268,  0.079,0
 44.429, -9.257,  1.694,0
 45.911,-10.172,  1.159,0
 45.450, -9.067,  1.913,0
 44.184,-10.274,  0.852,0
 44.200,-10.458,  0.149,0
 43.450, -8.587,  2.303,0
 45.059, -9.843,  1.096,0
 45.880,-10.045,  1.763,0
 46.295,-10.056,  1.649,0
 45.904, -8.964,  1.706,0
 45.350, -8.315,  1.601,0
 44.957, -8.972,  1.812,0
 44.327, -9.504,  1.363,0
 44.026,-10.586,  0.965,0
 42.887, -9.399,  1.883,0
 42.794, -9.068,  1.558,0
 42.301, -8.812,  2.252,0
 40.722, -6.772,  2.057,0
 39.578, -8.487,  0.998,0
 40.624, -8.928,  0.887,0
 42.105, -9.218,  0.627,0
 41.886, -7.407,  2.440,0
 42.893, -8.846,  0.770,0
 44.093, -9.062,  0.920,0
 43.047,-10.510,  0.193,0
 43.442, -8.277,  1.420,0
 43.127, -8.818,  0.829,0
 44.538,-10.315, -0.217,0
 45.053, -9.689,  0.511,0
 44.121, -8.949,  1.002,0
 42.758,-10.323, -0.061,0
 41.906, -9.284,  1.540,0
 41.729, -8.628,  1.421,0
 42.993,-10.085,  0.133,0
 42.333, -8.013,  1.215,0
 43.788, -9.702,  1.014,0
 44.862, -9.637,  1.178,0
 45.356, -9.914,  1.509,0
 45.683,-10.431,  0.851,0
 44.387, -8.407,  1.254,0
 44.488, -9.005,  0.268,0
 43.464, -9.282,  0.425,0
 42.599, -7.679,  2.001,0
 42.951,-11.549, -0.662,0
 43.286, -9.607,  1.241,0
 43.992, -9.243,  1.164,0
 43.204, -8.911,  0.897,0
 44.157, -9.628,  1.757,0
 43.582, -7.739,  2.640,0
 43.200, -9.655,  1.061,0
 43.923, -8.825,  1.688,0
 43.655,-10.675,  0.044,0
 43.335, -9.517,  1.732,0
 44.079, -8.221,  1.511,0
 45.014, -8.366,  1.265,0
 45.355, -9.775,  0.173,0
 45.786, -9.374,  0.588,0
 45.845, -8.306,  1.448,0
 45.583, -8.582,  1.762,0
 44.577, -9.872,  0.183,0
 44.823, -8.605,  1.118,0
 44.598, -8.114,  0.683,0
 43.534, -8.456,  0.505,0
 43.153, -8.799,  1.079,0
 43.188, -7.401,  2.964,0
 43.616, -9.069,  1.178,0
 44.266, -9.743,  1.178,0
 43.985, -8.647,  1.984,0
 42.914, -7.830,  2.339,0
 42.453, -7.330,  2.034,0
 43.352, -7.600,  1.871,0
 45.149, -9.245,  0.400,0
 44.055, -9.760,  1.036,0
 43.259, -7.922,  2.399,0
 43.359, -9.084,  1.735,0
 43.455, -8.553,  1.054,0
 44.079, -8.780,  1.069,0
 43.345, -8.201,  1.457,0
 43.251, -8.843,  1.523,0
 43.753,-10.156,  0.358,0
 44.083, -8.950,  2.034,0
 44.504,-11.873, -0.571,0
 43.449,-10.201,  0.530,0
 42.605, -9.312,  1.419,0
 42.723, -9.047,  1.476,0
 43.491, -8.690,  1.608,0
 44.379, -9.603,  0.816,0
 43.583, -6.923,  1.677,0
 44.168, -7.641,  1.373,0
 44.619, -8.277,  1.424,0
 45.227, -9.803,  0.093,0
 44.832, -8.004,  1.236,0
 43.860, -7.190,  1.206,0
 44.043, -9.309,  0.381,0
 43.952, -8.834,  1.074,0
 44.573, -9.358,  0.919,0
 44.390, -8.359,  1.649,0
 44.226, -7.866,  2.148,0
 43.317, -9.671,  0.728,0
 43.903, -9.317,  1.506,0
 43.635, -8.966,  1.559,0
 43.079, -8.589,  0.966,0
 42.829, -8.591,  1.014,0
 43.761, -8.486,  1.629,0
 44.024, -8.956,  0.756,0
 44.729, -9.619,  1.658,0
 45.203, -9.361,  1.314,0
 45.424, -9.452,  1.708,0
 44.769, -8.633,  1.235,0
 45.677,-10.057,  0.203,0
 45.002, -8.561,  1.360,0
 45.673, -9.364,  0.607,0
 44.618, -9.195,  1.280,0
 45.083, -9.013,  1.276,0
 44.589, -8.371,  1.776,0
 45.460, -8.718,  1.428,0
 45.125, -8.741,  1.743,0
 44.019, -7.248,  1.122,0
 44.228, -8.628,  1.117,0
 43.654, -8.918,  0.653,0
 44.032, -9.523,  0.385,0
 43.921, -7.385,  1.805,0
 42.236, -9.975,  0.596,0
 42.612, -9.629,  1.433,0
 43.213, -9.222,  0.950,0
 42.717, -9.239,  1.202,0
 43.029, -9.461,  0.816,0
 43.048, -9.337,  1.162,0
 44.713,-10.784, -0.654,0
 43.741, -7.940,  1.570,0
 43.533, -9.852, -0.430,0
 43.703, -7.581,  1.585,0
 43.593, -8.028,  0.765,0
 45.101, -9.408,  0.257,0
 44.177, -8.881,  0.950,0
 42.544, -7.735,  1.870,0
 42.549, -7.067,  1.199,0
 44.300, -9.703,  0.484,0
 43.529, -8.532,  1.340,0
 42.731, -8.061,  0.445,0
 42.686, -7.435,  1.518,0
 43.235, -8.659,  1.008,0
 43.425, -9.759,  0.041,0
 43.776, -8.182,  2.768,0
 43.520, -8.807,  2.209,0
 43.074, -8.782,  1.831,0
 44.624, -8.889,  1.239,0
 44.181, -9.617,  0.312,0
 45.359, -9.264,  0.943,0
 45.299, -8.235,  1.099,0
 44.766, -7.556,  2.572,0
 44.901, -9.154,  1.231,0
 45.036, -8.744,  1.426,0
 44.169, -8.955,  1.008,0
 43.852, -8.172,  1.884,0
 43.583, -8.748,  1.261,0
 43.806, -7.255,  2.705,0
 43.793, -9.422,  1.338,0
 44.156, -9.324,  1.861,0
 43.952, -9.686,  1.641,0
 44.505, -9.177,  1.903,0
 44.743,-10.766,  0.006,0
 44.505, -8.333,  1.942,0
 44.867, -9.302,  1.402,0
 43.873, -8.225,  2.223,0
 45.157,-10.398, -0.040,0
 44.775, -8.197,  1.693,0
 44.073, -8.200,  1.476,0
 42.900, -7.732,  1.465,0
 43.632, -9.538,  0.977,0
 43.212, -8.377,  1.296,0
 43.956, -8.996,  0.404,0
 42.875, -8.114,  0.697,0
 43.487, -7.583,  1.320,0
 44.572, -9.128,  0.254,0
 43.961, -7.326,  1.843,0
 43.387, -7.798,  1.966,0
 44.257, -8.543,  0.500,0
 44.853, -7.926,  1.387,0
 44.472, -9.890,  0.778,0
 45.367, -8.915,  1.537,0
 45.291, -9.187,  0.521,0
 44.905, -8.755,  1.870,0
 44.707,-10.840, -0.484,0
 44.351, -8.509,  1.932,0
 44.431, -9.610,  0.837,0
 43.984, -7.973,  2.006,0
 45.250, -9.815,  0.158,0
 44.460, -8.729,  1.469,0
 44.084, -8.620,  1.126,0
 43.802, -7.592,  2.106,0
 44.050, -8.762,  0.983,0
 45.243, -8.901,  1.385,0
 43.545, -7.660,  2.010,0
 45.296, -9.660, -0.760,0
 52.800,-11.856, -1.938,0
 54.964, -9.520, -4.347,0
 57.870, -8.819, -9.958,0
 60.886,-10.356, -9.711,0
 62.802,-11.212, -9.180,0
 64.493,-11.631, -4.766,0
 66.606,-12.636, -3.582,0
 68.269,-13.001, -2.190,0
 69.265,-13.715, -1.404,0
 70.760,-14.499, -0.778,0
 71.942,-14.987, -0.528,0
 73.217,-15.443, -0.429,0
 74.344,-15.674, -0.255,0
 75.381,-15.932, -0.018,0
 76.028,-15.497, -0.992,0
 77.434,-15.870, -0.572,0
 77.739,-16.162, -0.553,0
 77.999,-15.966, -0.125,0
 78.316,-16.121, -0.111,0
 79.240,-16.379, -0.435,0
 79.799,-15.929, -0.338,0
 80.250,-16.000, -0.440,0
 79.957,-15.826, -0.183,0
 80.934,-15.742, -1.225,0
 81.708,-16.864, -1.926,0
 77.255,-16.415, -0.517,0
 76.092,-16.847, -0.040,0
 76.224,-13.797,  6.078,0
 73.048,-16.083,  5.314,0
 70.489,-17.868,  2.452,0
 63.150,-21.595, -4.963,0
 52.077,-21.635,-12.459,0
 38.306,-23.847, -4.351,0
 39.578,-23.750,  4.727,0
 36.740,-19.890,  6.265,0
 33.461,-10.753,  5.723,0
 25.052, -7.325,  0.276,0
 28.218, -0.738,  2.555,0
 28.607,  2.685, -3.287,0
 27.000,  4.873, -2.686,0
 30.501,  3.115, -6.594,0
 32.741,  0.982, -1.980,0
 33.217, -5.617,  0.032,0
 35.176, -2.785, -2.577,0
 37.502, -0.768, -2.522,0
 39.585,  1.664,  3.905,0
 37.210,  0.011, 10.691,0
 37.248,  2.437, 15.140,0
 34.873,  0.683, 18.497,0
 28.161, -2.106, 23.561,0
 30.814, -1.388, 28.945,0
 31.866, -3.614, 32.114,0
 31.462,  2.672, 31.786,0
 28.494,  3.636, 31.143,0
 26.944,  7.847, 30.458,0
 26.296, 14.332, 27.611,0
 25.449, 16.403, 24.677,0
 23.942, 18.142, 21.902,0
 23.635, 17.992, 20.456,0
 23.265, 20.538, 22.174,0
 21.979, 24.964, 20.559,0
 19.797, 26.226, 17.777,0
 19.993, 24.462, 16.786,0
 19.476, 19.272, 12.617,0
 17.562, 22.070,  8.813,0
 16.157, 27.087,  9.464,0
 15.369, 30.807,  9.081,0
 16.179, 34.856, 11.274,0
 15.528, 37.652, 12.015,0
 15.725, 39.491, 13.514,0
 14.798, 40.301, 13.367,0
 13.842, 41.670, 13.070,0
 13.054, 42.308, 13.077,0
 13.438, 41.050, 13.852,0
 13.680, 41.463, 14.570,0
 14.103, 41.617, 15.329,0
 15.200, 41.120, 16.917,0
 14.730, 40.864, 16.697,0
 15.090, 40.457, 16.995,0
 15.037, 40.397, 17.022,0
 15.291, 39.618, 17.861,0
 14.615, 39.631, 17.585,0
 13.717, 40.121, 18.159,0
 13.768, 41.490, 19.543,0
 11.938, 41.955, 18.069,0
  9.817, 42.553, 16.486,0
  8.983, 42.582, 15.002,0
  8.827, 40.860, 14.131,0
  8.022, 44.186, 14.412,0
  6.618, 41.962, 14.064,0
  6.762, 40.253, 14.077,0
  6.310, 39.109, 12.522,0
  7.662, 35.636, 11.519,0
  9.057, 33.595, 11.452,0
 10.681, 30.831, 12.164,0
 12.930, 27.897, 13.300,0
 14.140, 28.688, 12.070,0
 13.483, 31.482, 11.894,0
 14.097, 31.075, 12.197,0
 13.977, 31.644, 11.217,0
 15.379, 29.855, 12.398,0
 14.500, 31.440, 11.466,0
 14.768, 30.898, 11.343,0
 13.333, 32.436, 10.878,0
 13.691, 33.252, 11.120,0
 14.057, 33.685, 10.526,0
 14.180, 34.052, 10.424,0
 14.559, 33.418, 10.614,0
 13.981, 33.942,  9.981,0
 14.018, 34.737,  9.155,0
 16.035, 34.880, 10.670,0
 13.819, 36.018,  7.518,0
 12.549, 35.902,  6.305,0
 13.732, 35.321,  6.134,0
 13.813, 35.793,  8.629,0
 15.622, 35.143, 11.514,0
 16.216, 35.372, 12.361,0
 16.361, 33.710, 12.638,0
 14.238, 35.193, 10.967,0
 12.267, 35.622,  9.945,0
 11.792, 36.760,  9.264,0
 11.350, 35.828,  9.441,0
 10.445, 36.999,  8.820,0
  9.935, 37.453,  8.583,0
 10.494, 37.545,  9.179,0
 10.369, 38.005,  9.889,0
 10.846, 36.311, 10.984,0
 10.307, 37.287, 11.800,0
  9.485, 38.733, 11.548,0
  9.292, 39.706, 11.914,0
  8.754, 40.494, 11.765,0
  7.732, 41.059, 11.374,0
  7.731, 41.193, 11.726,0
  8.141, 41.261, 12.354,0
  8.077, 41.977, 12.640,0
  7.945, 42.181, 13.317,0
  7.825, 43.501, 13.951,0
  7.294, 44.542, 13.711,0
  7.107, 44.892, 13.922,0
  6.760, 45.792, 13.779,0
  6.521, 46.617, 14.228,0
  5.788, 46.680, 13.585,0
  5.393, 47.130, 13.498,0
  5.223, 47.294, 13.510,0
  4.658, 47.398, 13.407,0
  4.715, 47.750, 13.593,0
  4.457, 47.862, 13.311,0
  4.479, 47.858, 13.571,0
  4.478, 48.222, 13.912,0
  4.232, 48.088, 14.301,0
  4.417, 48.133, 14.941,0
  4.315, 48.229, 15.361,0
  4.334, 48.351, 15.617,0
  4.167, 48.364, 15.713,0
  4.281, 48.756, 16.289,0
  3.834, 49.089, 16.357,0
  3.989, 49.105, 16.868,0
  3.329, 47.924, 16.581,0
  3.136, 48.138, 16.696,0
  3.280, 48.391, 17.400,0
  2.552, 48.477, 16.874,0
  2.444, 48.564, 17.142,0
  2.562, 48.825, 17.661,0
  2.888, 48.667, 18.436,0
  3.093, 48.378, 18.968,0
  3.052, 48.579, 19.375,0
  2.888, 48.269, 19.423,0
  3.048, 47.986, 19.789,0
  2.951, 48.363, 20.019,0
  2.872, 48.443, 20.227,0
  3.052, 48.611, 20.720,0
  3.124, 48.463, 20.932,0
  3.159, 48.616, 21.321,0
  3.318, 48.758, 21.736,0
  2.795, 49.322, 20.947,0
  2.390, 49.370, 19.826,0
  2.967, 48.565, 18.666,0
  5.879, 46.366, 19.800,0
 18.282, 43.249, 30.248,0
 19.081, 44.229, 28.394,0
 20.371, 42.467, 29.241,0
 20.701, 46.025, 28.901,0
 14.439, 50.420, 25.124,0
 13.749, 49.516, 25.426,0
  5.938, 50.932, 18.551,0
  1.199, 51.879, 14.822,0
 -2.193, 47.432, 13.851,0
 -0.678, 45.423, 17.876,0
 -4.310, 46.944, 15.888,0
-14.901, 50.439,  7.836,0
-16.131, 51.511,  7.883,0
-13.028, 48.338, 11.816,0
-14.155, 48.914, 11.372,0
-10.527, 51.415, 10.702,0
-10.887, 51.383, 10.128,0
-10.836, 51.003,  9.561,0
 -9.776, 47.712, 11.251,0
 -8.817, 47.375, 12.569,0
 -5.745, 44.835, 17.276,0
  5.860, 23.014, 44.485,0
  1.415, 13.537, 64.712,0
 -4.466, 13.632, 78.105,0
 -8.407, 11.257, 85.580,0
-16.907, 13.301, 89.379,0
-20.182, 16.393, 94.249,0
-20.068, 18.702, 95.874,0
-16.472, 22.477, 91.114,0
 -4.256, 34.584, 76.307,0
 11.010, 62.006, 62.154,0
 61.730, 83.163, 88.055,0
-34.300, 86.814,-16.548,0
-61.990, 86.059,-48.014,0
  1.639, 78.535, 22.510,0
  2.486, 66.691, 36.095,0
  1.304, 56.527, 49.944,0
 -6.075, 51.168, 59.023,0
-11.745, 48.129, 68.749,0
-18.111, 51.289, 69.450,0
-54.710, 56.144, 32.743,0
-61.582, 55.612, 31.969,0
-61.161, 50.924, 46.819,0
-58.358, 47.607, 61.451,0
-46.468, 48.552, 73.168,0
-45.424, 48.794, 79.581,0
-37.713, 49.945, 98.342,0
-33.853, 49.450,106.587,0
-33.041, 50.383,107.361,0
-32.046, 52.448,119.834,0
-39.613, 55.600,116.808,0
-39.670, 55.289,118.995,0
-36.184, 53.699,123.222,0
-32.973, 51.369,126.964,0
-33.024, 49.563,128.598,0
-32.525, 45.518,130.437,0
-32.108, 44.221,132.510,0
-31.257, 43.640,134.422,0
-30.929, 43.225,136.927,0
-31.803, 45.263,137.131,0
-33.167, 47.943,136.576,0
-28.488, 43.830,141.051,0
-28.177, 42.132,138.545,0
-40.106, 52.745,130.324,0
-37.685, 53.339,123.952,0
-31.969, 52.095,134.598,0
-31.121, 54.029,135.904,0
-30.399, 56.283,136.196,0
-24.335, 52.928,143.751,0
-22.990, 52.255,142.314,0
-20.622, 53.510,143.151,0
-19.935, 54.833,142.491,0
-18.038, 53.685,145.903,0
-16.360, 54.046,147.276,0
-14.902, 53.828,148.099,0
-13.209, 52.854,150.683,0
-11.546, 52.611,152.511,0
 -9.525, 52.412,154.616,0
 -9.066, 52.268,156.067,0
 -7.686, 52.595,157.066,0
 -6.165, 52.505,158.180,0
 -4.592, 52.556,159.514,0
 -2.820, 52.762,161.017,0
 -1.520, 52.411,163.176,0
 -0.049, 52.692,164.123,0
  1.513, 52.330,165.818,0
  2.532, 52.047,167.088,0
  3.431, 52.118,168.089,0
  4.490, 51.655,169.167,0
  5.332, 51.582,169.831,0
  6.099, 51.211,170.811,0
  6.933, 50.690,171.683,0
  8.176, 50.794,172.641,0
  8.977, 50.585,173.323,0
  9.664, 49.984,174.116,0
 10.705, 49.759,174.708,0
 11.763, 49.772,175.535,0
 12.902, 49.690,176.151,0
 13.698, 50.063,176.454,0
 14.526, 50.000,177.285,0
 15.385, 49.977,177.928,0
 16.044, 49.942,178.397,0
 16.756, 49.649,179.188,0
 17.260, 49.376,179.640,0
 17.773, 49.132,-179.248,0
 18.152, 48.738,-178.719,0
 18.704, 48.476,-178.503,0
 19.280, 48.002,-177.973,0
 19.658, 47.663,-177.834,0
 20.284, 47.488,-177.457,0
 20.890, 47.470,-176.963,0
 21.615, 47.392,-177.034,0
 21.952, 47.168,-176.727,0
 22.436, 46.855,-176.301,0
 22.676, 46.565,-176.157,0
 23.051, 46.443,-175.736,0
 23.202, 46.153,-175.723,0
 23.651, 46.170,-175.532,0
 24.179, 46.222,-175.095,0
 24.544, 45.964,-174.917,0
 24.905, 45.672,-174.739,0
 25.234, 45.617,-174.534,0
 25.839, 45.467,-174.060,0
 26.147, 45.358,-174.052,0
 26.423, 45.025,-174.054,0
 26.812, 45.005,-174.069,0
 27.060, 44.797,-174.082,0
 27.203, 44.542,-174.101,0
 27.518, 44.504,-174.019,0
 27.652, 44.518,-173.909,0
 27.817, 44.458,-173.581,0
 28.094, 44.458,-173.497,0
 28.535, 44.320,-173.442,0
 28.845, 44.307,-173.476,0
 29.111, 44.111,-173.410,0
 29.477, 43.801,-173.162,0
 29.834, 43.513,-172.796,0
 30.327, 43.727,-172.899,0
 30.665, 43.344,-172.747,0
 31.658, 43.404,-172.340,0
 32.035, 43.356,-171.933,0
 31.946, 43.224,-170.615,0
 32.632, 43.894,-170.510,0
 33.567, 45.461,-170.623,0
 33.467, 47.327,-171.998,0
 34.286, 49.068,-174.754,0
 34.906, 48.981,-175.716,0
 36.037, 48.641,-175.954,0
 36.658, 43.232,-175.404,0
 37.476, 42.401,-174.649,0
 38.303, 41.765,-173.871,0
 39.449, 40.951,-172.234,0
 43.561, 40.112,-170.259,0
 51.168, 40.882,-168.678,0
 58.314, 39.421,-164.330,0
 63.288, 39.926,-161.787,0
 65.627, 39.658,-159.027,0
 73.028, 39.662,-154.297,0
 76.368, 38.064,-145.516,0
 76.443, 36.213,-148.537,0
 76.727, 34.352,-151.186,0
 78.351, 31.405,-151.510,0
 79.213, 30.027,-154.612,0
 78.830, 30.026,-153.515,0
 78.449, 30.181,-155.117,0
 76.089, 30.769,-156.064,0
 76.318, 31.766,-156.572,0
 75.267, 31.843,-159.783,0
 73.914, 33.136,-158.258,0
 72.681, 33.671,-156.097,0
 67.244, 33.732,-159.758,0
 66.421, 35.348,-160.041,0
 65.776, 37.036,-158.380,0
 69.438, 38.992,-167.878,0
 70.902, 37.982,-168.703,0
 72.119, 37.343,-169.188,0
 74.078, 38.332,-168.204,0
 73.675, 38.687,-167.191,0
 74.493, 38.904,-166.327,0
 75.016, 38.497,-165.287,0
 75.426, 38.879,-164.040,0
 75.904, 39.099,-162.789,0
 75.632, 39.026,-161.669,0
 75.799, 38.226,-163.095,0
 76.229, 38.061,-163.019,0
 75.359, 37.998,-164.462,0
 74.954, 37.689,-165.386,0
 73.607, 38.175,-166.244,0
 66.141, 39.115,-167.661,0
 55.421, 46.779,-174.168,0
 34.257, 53.101,149.450,0
  9.109, 36.879,135.299,0
 -6.185, 29.621,123.249,0
-15.506, 17.525,120.445,0
-24.575, 12.456,115.282,0
-29.632,  8.735,114.706,0
-33.184,  3.161,113.124,0
-37.782, -1.653,112.679,0
-40.291, -7.036,111.925,0
-43.175,-11.533,104.574,0
-39.283,-19.317,100.837,0
-42.515,-25.327,109.793,0
-41.580,-22.435,122.276,0
-41.751,-22.284,130.022,0
-38.204,-21.184,136.159,0
-35.457,-18.180,139.784,0
-33.508,-16.549,146.054,0
-37.234,-13.886,144.663,0
-39.131,-15.539,146.976,0
-46.978,-15.213,146.338,0
-55.818,-13.977,143.853,0
-65.707,-12.936,141.956,0
-75.408,-15.782,140.436,0
-83.144,-19.505,138.224,0
-88.359,-20.428,137.988,0
-89.297,-20.915,138.020,0
-88.494,-21.347,145.635,0
-85.521,-21.664,148.596,0
-85.890,-19.358,150.056,0
-84.817,-19.140,151.686,0
-83.178,-16.726,152.337,0
-83.239,-14.078,153.196,0
-84.965,-11.667,155.152,0
-82.876,-12.042,156.712,0
-79.069,-14.500,160.123,0
-77.760,-11.417,164.064,0
-79.403,  0.651,169.153,0
-81.891,  9.942,156.006,0
-90.313, 11.948,143.894,0
-93.734,  7.667,134.352,0
-96.159, -1.436,127.631,0
-92.909, -8.488,120.073,0
-89.767,-14.696,120.644,0
-88.387,-17.311,120.396,0
-92.353,-17.347,122.129,0
-90.015,-14.580,124.024,0
-89.992,-18.140,122.522,0
-86.918,-20.907,124.570,0
-86.634,-20.481,124.224,0
-88.496,-20.891,127.216,0
-86.307,-15.276,122.569,0
-90.319,-13.793,121.859,0
-91.438,-15.877,123.984,0
-95.937,-16.093,127.645,0
-99.602,-16.914,130.983,0
-101.539,-17.353,133.444,0
-101.595,-19.549,133.170,0
-101.472,-19.451,132.339,0
-102.746,-18.867,132.576,0
-105.506,-17.341,135.315,0
-107.202,-16.573,138.779,0
-109.975,-14.990,142.185,0
-111.310,-14.002,143.511,0
-113.525,-12.903,145.989,0
-115.306,-11.211,147.915,0
-116.384, -9.780,148.872,0
-116.934, -9.198,147.242,0
-116.754, -9.838,144.822,0
-117.528, -9.757,144.370,0
-126.277, -6.054,138.021,0
-128.644, -7.077,138.613,0
-133.719, -8.814,141.656,0
-135.782,-12.950,142.147,0
-140.515,-13.129,147.210,0
-150.897,-16.226,159.940,0
-156.824,-22.121,154.932,0
-168.173,-26.402,162.361,0
-176.854,-26.177,166.825,0
-178.009,-28.644,167.952,0
-178.512,-29.332,169.404,0
-178.464,-29.790,170.629,0
-179.485,-29.938,173.734,0
179.034,-29.508,175.270,0
-179.514,-30.414,175.192,0
179.398,-29.906,177.815,0
178.653,-30.513,179.810,0
177.997,-30.490,-179.046,0
176.807,-31.931,-179.291,0
176.409,-31.012,-178.911,0
173.344,-29.140,-178.538,0
166.446,-27.601,-174.622,0
155.123,-21.279,-165.424,0
146.685,-13.020,-164.684,0
143.261,-12.217,-160.236,0
142.379,-12.581,-153.654,0
140.986,-10.083,-155.143,0
140.088, -7.931,-155.649,0
138.790, -6.207,-158.246,0
137.471, -5.534,-159.407,0
133.480, -0.771,-150.202,0
132.223, -0.502,-139.158,0
139.122,-10.849,-166.049,0
135.043, -6.609,-165.422,0
133.038, -3.764,-169.090,0
132.900, -1.785,-168.521,0
134.088, -0.209,-169.855,0
138.668,  2.431,-170.692,0
129.114,  0.160,-179.331,0
126.998, -6.415,-174.494,0
126.980, -7.825,-171.860,0
125.176, -5.168,-174.549,0
125.742, -3.540,-177.080,0
125.361, -1.798,-178.861,0
125.352,  0.080,179.969,0
123.364,  1.656,175.721,0
122.814,  2.497,175.731,0
122.845,  6.198,176.252,0
120.622,  7.492,172.293,0
116.318,  5.955,161.513,0
114.083,  6.014,154.179,0
112.020,  8.593,155.789,0
108.440,  6.785,156.103,0
105.889,  6.860,155.678,0
103.202,  7.507,158.923,0
101.032,  8.391,158.383,0
100.061, 10.242,159.911,0
 98.118, 11.063,160.097,0
 97.402, 11.131,158.935,0
 96.099, 10.643,160.023,0
 95.735, 12.835,161.340,0
 94.532, 13.285,161.258,0
 93.878, 14.777,164.498,0
 92.723, 14.860,165.420,0
 91.902, 14.944,166.725,0
 90.503, 14.882,167.380,0
 89.361, 15.466,169.329,0
 88.030, 15.789,169.856,0
 86.787, 16.324,170.102,0
 85.184, 16.288,169.790,0
 83.651, 16.178,170.299,0
 82.596, 15.913,170.758,0
 81.589, 15.817,171.145,0
 80.158, 16.391,171.176,0
 78.846, 16.896,171.937,0
 77.245, 17.354,172.843,0
 76.099, 17.269,172.842,0
 74.473, 17.146,172.958,0
 73.237, 17.531,173.603,0
 72.203, 18.195,173.318,0
 71.323, 18.522,173.860,0
 69.838, 18.548,173.983,0
 68.733, 18.823,173.834,0
 67.705, 19.174,174.678,0
 66.740, 19.477,174.188,0
 67.762, 20.272,175.047,0
 67.404, 18.961,171.863,0
 66.911, 19.839,173.357,0
 65.951, 20.628,176.142,0
 64.803, 20.654,176.706,0
 63.976, 21.517,177.819,0
 63.047, 22.418,178.074,0
 62.061, 22.875,177.304,0
 61.424, 23.265,177.976,0
 60.489, 23.530,178.431,0
 59.441, 23.630,178.089,0
 58.461, 23.873,178.567,0
 57.569, 23.993,178.308,0
 56.709, 24.225,178.299,0
 55.944, 24.405,178.649,0
 55.273, 24.725,179.316,0
 54.462, 25.128,179.706,0
 53.856, 25.409,179.977,0
 53.180, 25.646,-179.880,0
 52.484, 25.598,179.926,0
 51.693, 25.525,-179.846,0
 50.838, 25.825,-179.602,0
 50.031, 25.792,-179.871,0
 49.120, 25.896,179.835,0
 48.211, 25.841,179.351,0
 47.357, 25.755,179.314,0
 46.459, 25.681,179.356,0
 45.820, 25.832,179.521,0
 45.169, 25.910,179.763,0
 44.632, 25.882,-179.985,0
 43.933, 26.083,-179.858,0
 43.355, 26.287,-179.877,0
 42.761, 26.482,-179.500,0
 42.147, 26.464,-179.443,0
 41.369, 26.264,-179.467,0
 40.699, 26.377,-179.634,0
 39.961, 26.086,-179.902,0
 39.210, 25.997,179.628,0
 38.577, 26.009,179.507,0
 37.901, 26.138,179.734,0
 37.347, 26.239,179.811,0
 36.703, 26.225,179.750,0
 36.303, 26.231,179.872,0
 35.669, 26.247,179.606,0
 35.146, 26.110,179.576,0
 34.520, 26.044,179.552,0
 33.871, 25.935,179.491,0
 33.155, 25.680,179.130,0
 32.563, 25.752,178.982,0
 32.035, 25.596,178.986,0
 31.526, 25.211,178.813,0
 31.281, 24.737,178.464,0
 31.312, 24.846,178.955,0
 31.047, 25.197,179.267,0
 30.693, 25.111,179.616,0
 30.398, 25.082,179.741,0
 29.552, 25.297,179.758,0
 28.985, 25.228,179.596,0
 27.873, 25.627,179.878,0
 26.817, 26.009,-179.825,0
 26.853, 26.444,-179.060,0
 26.378, 25.362,179.592,0
 26.038, 25.802,179.703,0
 26.200, 25.801,179.461,0
 26.262, 25.956,-179.487,0
 26.451, 25.884,179.635,0
 26.248, 25.889,179.356,0
 25.508, 25.997,179.451,0
 25.247, 25.951,179.812,0
 25.190, 25.912,179.948,0
 24.731, 25.866,179.735,0
 24.297, 26.485,179.819,0
 23.838, 26.625,-179.867,0
 23.687, 26.958,-178.844,0
 23.150, 27.248,-179.180,0
 22.416, 27.532,-178.809,0
 22.218, 27.388,-178.165,0
 21.603, 26.998,-178.879,0
 20.617, 26.708,179.623,0
 20.150, 26.774,179.501,0
 19.641, 26.707,179.329,0
 19.092, 26.822,179.582,0
 18.570, 26.807,179.904,0
 18.347, 26.793,-179.819,0
 17.842, 26.507,-179.880,0
 17.375, 26.311,179.827,0
 16.881, 26.085,179.322,0
 16.502, 25.888,179.345,0
 16.136, 25.922,179.301,0
 15.654, 25.667,179.305,0
 15.229, 25.489,179.323,0
 14.819, 25.518,179.907,0
 14.345, 25.579,-179.894,0
 13.987, 25.376,179.884,0
 13.666, 25.384,179.854,0
 13.340, 25.517,179.913,0
 12.989, 25.331,179.691,0
 12.589, 25.345,179.599,0
 12.234, 25.247,179.610,0
 11.890, 25.184,179.580,0
 11.491, 25.220,179.386,0
 11.136, 25.129,179.285,0
 10.712, 25.118,179.400,0
 10.324, 24.989,179.664,0
 10.042, 24.957,179.686,0
  9.804, 24.851,-179.908,0
  9.667, 24.915,-179.773,0
  9.446, 24.805,-179.893,0
  9.333, 24.864,-179.903,0
  9.015, 24.778,-179.907,0
  8.868, 24.892,-179.750,0
  8.652, 25.098,-179.380,0
  8.212, 24.760,179.954,0
  7.470, 24.419,179.027,0
  7.258, 24.386,179.319,0
  6.970, 24.310,179.781,0
  6.704, 24.237,179.824,0
  6.362, 24.227,-179.743,0
  6.022, 24.365,-179.778,0
  5.843, 24.614,-179.546,0
  5.456, 24.757,-179.428,0
  5.120, 24.936,-179.425,0
  4.837, 24.996,179.995,0
  4.597, 24.909,-179.979,0
  4.707, 24.883,179.999,0
  4.692, 24.497,-179.637,0
  4.793, 23.542,-177.625,0
  4.312, 23.636,-179.521,0
  4.003, 23.414,-178.593,0
  3.648, 22.449,-177.874,0
  3.475, 17.875,-178.582,0
  4.077, 12.849,-179.653,0
  2.813,  6.041,177.688,0
  1.933,  2.039,175.500,0
  1.714,  0.020,173.999,0
  1.514, -4.458,171.295,0
  1.368, -8.777,168.407,0
  1.456,-13.766,165.122,0
  1.087,-16.200,163.041,0
  1.476,-16.776,161.703,0
  2.602,-16.556,160.384,0
  1.475,-10.959,161.701,0
  1.142, -5.650,163.487,0
  0.282, -0.897,163.650,0
  0.023,  3.561,164.023,0
 -0.477,  8.723,165.294,0
 -0.562, 13.451,165.634,0
 -0.940, 18.320,166.756,0
 -1.206, 22.013,167.390,0
 -1.557, 25.586,168.230,0
 -1.881, 29.132,169.423,0
 -2.151, 33.132,171.199,0
 -1.265, 40.182,175.295,0
  4.335, 49.441,-174.608,0
 10.632, 58.889,-161.998,0
 10.649, 58.082,-162.787,0
  8.158, 57.013,-167.885,0
  7.529, 56.357,-172.129,0
  5.039, 56.200,-176.175,0
  4.127, 55.706,-178.081,0
  2.857, 58.166,-177.589,0
 -0.074, 56.992,178.238,0
 -6.087, 56.424,173.813,0
-10.402, 55.366,169.263,0
-13.528, 56.443,167.058,0
-14.455, 58.216,165.750,0
-16.036, 59.441,164.018,0
-18.380, 60.928,161.726,0
-21.312, 61.995,159.300,0
-23.616, 63.108,157.695,0
-25.948, 63.935,156.046,0
-28.685, 64.726,153.727,0
-31.844, 65.103,150.906,0
-33.841, 65.732,148.706,0
-36.952, 66.692,145.613,0
-40.426, 67.710,142.529,0
-42.772, 68.225,140.418,0
-44.946, 68.501,138.687,0
-47.667, 68.933,136.550,0
-50.010, 69.033,134.586,0
-52.892, 69.290,132.217,0
-54.833, 69.510,130.599,0
-57.556, 69.586,128.047,0
-59.730, 69.589,126.071,0
-62.457, 69.572,123.521,0
-64.448, 69.509,121.744,0
-67.144, 69.654,119.643,0
-68.133, 69.490,118.854,0
-70.399, 69.597,116.831,0
-72.488, 69.693,115.017,0
-74.436, 69.631,113.320,0
-75.900, 69.534,112.040,0
-77.424, 69.578,110.804,0
-78.995, 69.632,109.431,0
-79.117, 69.386,108.963,0
-80.131, 69.065,107.980,0
-82.328, 68.984,105.961,0
-96.020, 68.794, 92.518,0
-109.987, 64.793, 72.627,0
-117.602, 61.692, 61.766,0
-131.766, 60.949, 52.793,0
-131.364, 62.430, 55.096,0
-126.194, 63.694, 61.135,0
-125.158, 64.211, 64.687,0
-127.680, 64.994, 65.875,0
-135.753, 65.749, 66.323,0
-165.253, 67.970, 57.255,0
-154.524, 74.995, 91.625,0
-154.479, 78.168,118.602,0
-178.612, 79.624,111.754,0
145.413, 84.343, 90.587,0
 63.223, 79.141, 16.404,0
 58.255, 72.349, 11.852,0
 51.134, 67.070,  6.215,0
 51.106, 57.146,  0.325,0
 53.930, 54.385, -4.929,0
 61.663, 47.780, -8.876,0
 64.160, 39.528, -6.051,0
 69.056, 32.085, -2.514,0
 71.922, 26.770, -0.978,0
 73.044, 22.158,  6.037,0
 72.925, 15.700, 10.699,0
 73.309,  9.997, 12.482,0
 73.635,  4.422, 15.520,0
 73.222,  0.346, 18.811,0
 72.753, -3.404, 20.918,0
 72.029, -7.259, 20.944,0
 71.550,-10.239, 21.465,0
 69.981,-12.419, 21.142,0
 69.148,-15.324, 23.156,0
 68.573,-17.760, 28.585,0
 67.811,-19.354, 33.497,0
 66.721,-20.470, 41.267,0
 67.201,-22.206, 43.898,0
 66.774,-24.022, 41.816,0
 66.245,-25.742, 33.384,0
 65.133,-26.541, 28.855,0
 63.952,-27.507, 23.102,0
 62.557,-28.072, 21.355,0
 63.418,-29.366,  2.545,0
 63.553,-30.681,-18.030,0
 67.866,-40.006,-37.210,0
 73.513,-45.076,-53.153,0
 81.852,-48.188,-70.896,0
 87.415,-49.335,-83.471,0
 93.009,-49.604,-93.427,0
100.615,-48.279,-107.064,0
104.978,-46.993,-113.541,0
107.334,-46.161,-115.416,0
108.078,-44.757,-114.974,0
106.807,-44.104,-107.793,0
106.888,-42.907,-104.463,0
108.534,-41.908,-105.347,0
110.583,-41.106,-107.335,0
113.737,-40.019,-115.513,0
116.054,-39.434,-121.644,0
117.313,-38.484,-125.870,0
120.570,-38.201,-134.395,0
124.321,-36.930,-143.186,0
125.868,-35.086,-147.930,0
125.830,-32.213,-149.393,0
124.107,-28.429,-148.047,0
121.817,-24.312,-146.225,0
122.319,-21.474,-146.763,0
124.255,-23.569,-145.078,0
129.662,-18.660,-151.287,0
137.906,-17.685,-155.387,0
149.521,-12.025,-166.396,0
163.482, -6.447,-176.620,0
169.071, -3.739,-178.865,0
163.658, -3.096,-169.393,0
160.358, -9.033,-152.111,0
157.197, -9.828,-134.575,0
159.879,-11.156,-141.458,0
166.311,-10.269,-144.313,0
169.670,-22.784,-148.046,0
174.332,-27.771,-156.476,0
175.471,-29.152,-160.501,0
175.172,-27.673,-160.320,0
166.968,-23.984,-150.370,0
153.606,-11.690,-141.309,0
144.365, -1.604,-137.617,0
137.056, 11.570,-141.229,0
124.656, 26.457,-151.807,0
114.200, 36.517,-156.747,0
105.398, 42.417,-165.935,0
 95.587, 45.473,-174.239,0
 88.440, 47.223,178.081,0
 78.839, 50.353,167.707,0
 69.954, 46.161,157.470,0
 67.463, 41.608,154.557,0
 64.619, 40.509,153.495,0
 62.575, 38.703,152.798,0
 64.628, 37.065,156.065,0
 82.291, 39.212,176.420,0
 98.236, 35.624,-165.816,0
125.291, 22.107,-142.761,0
140.834,  9.610,-133.445,0
144.309, -4.922,-119.002,0
148.252,-11.635,-117.395,0
157.709,-17.736,-121.715,0
164.578,-22.008,-122.442,0
164.287,-23.652,-119.611,0
159.512,-22.030,-114.304,0
155.242,-16.736,-112.365,0
149.830, -5.765,-117.419,0
143.144,  7.972,-117.618,0
135.912, 23.778,-123.576,0
130.876, 33.232,-131.921,0
128.847, 38.997,-137.313,0
128.391, 40.666,-140.259,0
126.772, 39.953,-142.503,0
125.741, 38.066,-143.876,0
124.281, 35.110,-147.077,0
124.564, 33.748,-142.881,0
122.533, 31.952,-139.763,0
122.140, 30.440,-138.580,0
125.039, 29.680,-140.264,0
125.565, 28.550,-140.930,0
125.490, 26.666,-140.568,0
125.194, 25.378,-141.111,0
123.730, 23.551,-139.698,0
120.620, 20.190,-138.365,0
117.419, 18.830,-141.610,0
114.859, 16.228,-145.423,0
114.470, 17.415,-145.399,0
114.711, 19.161,-148.118,0
114.398, 20.005,-149.697,0
113.607, 20.202,-150.194,0
112.443, 19.405,-150.139,0
111.222, 18.147,-149.563,0
110.528, 18.038,-149.997,0
109.534, 18.870,-151.251,0
108.376, 19.569,-152.427,0
107.440, 19.829,-153.518,0
106.499, 19.752,-153.547,0
105.603, 19.236,-153.338,0
104.285, 18.860,-153.658,0
102.899, 18.742,-153.934,0
100.864, 19.843,-155.264,0
 97.946, 23.305,-157.519,0
 93.250, 27.801,-163.227,0
 90.684, 30.368,-167.480,0
 88.926, 31.706,-170.291,0
 88.226, 31.363,-170.352,0
 86.190, 32.410,-170.144,0
 85.708, 32.556,-169.530,0
 87.422, 33.511,-169.620,0
 88.060, 29.296,-170.193,0
 83.048, 32.241,-162.175,0
 84.673, 34.781,-165.187,0
 84.221, 35.180,-168.005,0
 81.804, 34.504,-167.264,0
 79.317, 32.935,-169.685,0
 76.192, 30.279,-170.840,0
 75.145, 29.393,-171.879,0
 71.880, 33.602,-167.179,0
 68.814, 32.585,-171.233,0
 66.792, 34.420,-172.043,0
 64.534, 35.337,-167.852,0
 61.411, 28.222,-170.876,0
 60.073, 17.050,-172.872,0
 60.034,  4.214,179.230,0
 58.012, -3.255,-179.129,0
 54.846, -9.408,-178.259,0
 52.781,-20.948,177.723,0
 49.592,-24.444,176.330,0
 48.618,-31.978,174.891,0
 48.873,-30.778,177.030,0
 43.831,-24.172,-179.196,0
 40.590, -9.867,-175.189,0
 43.893, 15.119,-168.239,0
 54.149, 37.248,-159.653,0
 72.146, 54.010,-143.597,0
103.875, 62.775,-115.353,0
128.706, 63.084,-92.837,0
136.265, 62.214,-96.073,0
141.565, 62.170,-95.567,0
139.601, 61.881,-98.537,0
119.481, 58.107,-118.493,0
110.307, 54.652,-129.922,0
 95.368, 49.097,-150.084,0
 95.485, 45.828,-152.469,0
 96.931, 46.070,-150.911,0
 96.520, 46.460,-149.001,0
 95.439, 46.969,-148.507,0
 92.739, 46.794,-151.403,0
 91.125, 46.100,-153.820,0
 89.000, 45.492,-154.908,0
 88.171, 45.225,-154.999,0
 87.467, 45.338,-155.775,0
 86.888, 44.425,-156.496,0
 86.753, 43.921,-156.689,0
 85.078, 43.241,-157.263,0
 84.607, 43.425,-157.338,0
 83.640, 43.178,-157.980,0
 82.635, 42.930,-158.915,0
 81.892, 42.453,-159.472,0
 80.852, 42.861,-159.256,0
 80.628, 43.340,-159.283,0
 79.896, 41.619,-163.829,0
 79.202, 42.600,-161.091,0
 81.525, 45.104,-156.882,0
 89.144, 48.263,-150.878,0
 89.765, 49.502,-150.452,0
 88.908, 49.035,-150.499,0
 89.875, 48.480,-148.929,0
 88.849, 47.994,-149.354,0
 87.648, 47.328,-151.167,0
 87.290, 46.838,-151.669,0
 86.337, 46.374,-152.496,0
 85.097, 45.674,-154.452,0
 83.757, 44.358,-156.111,0
 81.040, 42.186,-158.173,0
 71.859, 43.323,-165.419,0
 70.467, 43.937,-166.683,0
 75.574, 42.222,-164.361,0
 72.704, 40.835,-166.882,0
 72.375, 38.947,-168.582,0
 70.840, 35.312,-169.164,0
 68.071, 31.279,-168.917,0
 67.231, 31.175,-170.320,0
 71.073, 37.406,-165.244,0
 73.515, 42.082,-162.467,0
 72.092, 39.995,-165.438,0
 71.751, 38.775,-166.602,0
 71.529, 39.161,-165.594,0
 71.227, 36.489,-165.779,0
 69.458, 30.456,-169.986,0
 65.700, 24.506,-169.036,0
 61.776, 17.160,-166.003,0
 56.475,  5.820,-167.833,0
 50.562, -4.868,-172.477,0
 48.940,-13.405,-173.056,0
 48.645,-12.537,-172.536,0
 48.179,  3.900,-170.870,0
 50.489, 28.202,-170.791,0
 58.183, 45.150,-166.408,0
 69.941, 59.437,-158.925,0
 76.679, 65.637,-151.468,0
 75.027, 64.926,-151.825,0
 72.783, 59.092,-154.325,0
 64.982, 48.866,-161.317,0
 58.187, 38.993,-168.018,0
 55.321, 32.045,-170.571,0
 55.019, 35.556,-169.819,0
 60.165, 40.798,-160.561,0
 60.644, 42.609,-139.159,0
 52.685, 44.458,-122.579,0
 45.375, 52.883,-108.736,0
 43.160, 60.596,-104.805,0
 30.757, 65.038,-136.781,0
 27.125, 63.628,-164.598,0
 25.795, 61.847,175.267,0
 21.935, 61.893,152.503,0
 21.833, 61.327,138.965,0
 22.283, 62.055,134.668,0
 24.173, 63.624,137.929,0
 25.938, 64.170,140.853,0
 27.087, 64.211,153.786,0
 24.944, 62.553,175.480,0
 21.939, 58.434,-171.089,0
 16.881, 56.802,-153.716,0
 14.966, 59.230,-141.209,0
  7.337, 63.053,-144.913,0
  1.345, 62.612,-163.954,0
 -2.327, 61.081,176.052,0
 -1.320, 58.816,157.312,0
 -0.251, 57.113,145.607,0
  2.764, 55.272,136.649,0
  6.833, 52.962,140.917,0
 12.075, 50.487,166.642,0
 16.288, 46.799,-167.674,0
 16.399, 46.883,-153.942,0
 12.760, 49.260,-145.005,0
  7.938, 51.069,-146.895,0
  3.363, 52.643,-158.407,0
 -1.891, 53.221,174.915,0
 -6.846, 52.812,156.708,0
 -8.512, 52.894,152.348,0
 -8.124, 51.714,151.167,0
 -6.532, 51.120,152.549,0
 -5.675, 52.036,154.624,0
 -2.043, 51.771,158.064,0
 14.383, 50.464,173.559,0
 35.118, 47.660,-172.081,0
 44.109, 43.717,-163.987,0
 53.775, 37.032,-158.389,0
 58.262, 32.311,-155.622,0
 58.116, 27.026,-155.839,0
 49.369, 24.297,-163.522,0
 35.060, 30.547,-169.601,0
 21.999, 36.711,-178.600,0
  6.581, 39.501,169.132,0
 -4.135, 36.291,158.730,0
-10.350, 29.593,156.964,0
 -1.532, 32.423,163.571,0
 20.284, 39.226,178.207,0
 39.297, 39.017,-170.653,0
 51.823, 35.601,-161.959,0
 59.139, 31.952,-156.441,0
 54.721, 31.753,-158.293,0
 39.282, 34.881,-166.560,0
 23.855, 37.626,-175.299,0
  4.787, 36.121,173.066,0
 -7.524, 32.706,161.654,0
-10.375, 30.019,159.473,0
 -6.296, 32.565,163.472,0
 10.790, 37.499,174.361,0
 32.321, 41.375,-173.686,0
 48.419, 44.345,-161.245,0
 54.574, 38.230,-156.923,0
 42.214, 35.133,-163.691,0
 19.505, 31.231,-174.255,0
  2.541, 29.502,-177.429,0
 -0.291, 26.605,-177.098,0
 -2.954, 26.527,-177.094,0
 -4.157, 29.553,-177.475,0
 -1.464, 31.349,-177.589,0
  1.251, 34.369,-173.621,0
  0.690, 33.071,-174.844,0
 -3.924, 32.463,-179.622,0
 -8.451, 33.867,175.680,0
 -1.789, 33.207,178.396,0
 10.007, 32.632,-175.095,0
 21.311, 36.709,-166.765,0
 30.600, 34.839,-161.753,0
 39.037, 31.642,-153.979,0
 43.019, 27.029,-150.479,0
 47.347, 25.995,-147.855,0
 53.003, 26.894,-145.557,0
 54.363, 26.038,-145.880,0
 51.356, 26.771,-146.532,0
 40.852, 28.161,-154.192,0
 27.865, 34.260,-161.491,0
 15.918, 38.184,-168.604,0
  1.055, 36.689,-178.363,0
 -8.527, 35.112,174.189,0
-16.958, 33.168,169.019,0
-25.904, 30.057,166.970,0
-30.067, 27.868,165.928,0
-31.016, 28.204,168.637,0
-22.894, 30.711,169.787,0
-11.089, 34.386,177.094,0
  0.704, 36.356,-174.980,0
  9.644, 36.119,-170.185,0
 18.889, 35.813,-165.881,0
 25.753, 33.666,-161.771,0
 31.449, 30.527,-159.011,0
 36.296, 30.641,-154.160,0
 40.958, 29.876,-149.417,0
 46.305, 27.977,-146.820,0
 50.853, 27.158,-142.712,0
 54.852, 23.653,-141.708,0
 56.486, 21.643,-139.915,0
 59.039, 19.585,-140.542,0
 62.290, 17.853,-140.854,0
 64.061, 17.538,-141.347,0
 64.580, 17.506,-141.161,0
 63.977, 13.231,-142.243,0
 66.233,  9.280,-142.740,0
 69.880,  5.624,-142.618,0
 73.845,  6.341,-143.028,0
 76.844,  6.233,-143.219,0
 78.148,  2.939,-144.132,0
 80.061,  0.313,-142.403,0
 82.722, -1.322,-141.672,0
 86.332, -2.163,-143.542,0
 88.328, -2.807,-144.805,0
 90.339, -3.678,-145.504,0
 91.705, -3.897,-145.756,0
 91.535, -3.224,-145.826,0
 89.678, -1.650,-146.629,0
 87.344,  0.640,-148.414,0
 82.566,  5.948,-150.733,0
 77.323,  9.124,-152.424,0
 72.040, 11.631,-155.019,0
 64.613, 15.037,-157.363,0
 57.339, 18.204,-160.595,0
 49.547, 20.627,-163.865,0
 42.325, 23.741,-167.156,0
 34.288, 26.043,-171.824,0
 24.744, 27.879,-177.620,0
 16.328, 28.989,178.811,0
  8.106, 27.949,174.840,0
  0.988, 27.545,171.460,0
 -3.721, 26.378,170.536,0
 -8.594, 25.281,170.762,0
-11.809, 24.051,169.308,0
-15.046, 23.373,168.774,0
-19.651, 22.734,168.466,0
-24.345, 22.404,167.620,0
-28.053, 21.550,166.231,0
-29.102, 20.937,165.977,0
-29.101, 21.489,167.569,0
-29.061, 21.988,168.560,0
-29.600, 22.362,168.926,0
-30.080, 22.484,168.795,0
-30.567, 22.385,168.659,0
-31.706, 22.899,167.797,0
-33.022, 23.765,167.928,0
-34.558, 24.773,167.389,0
-35.923, 24.861,166.954,0
-35.555, 24.409,166.808,0
-34.747, 24.543,167.716,0
-32.715, 25.469,169.261,0
-27.418, 26.024,171.332,0
-20.510, 26.117,175.167,0
-12.192, 26.005,179.390,0
 -4.166, 26.406,-177.278,0
  4.017, 26.826,-173.569,0
 12.206, 25.084,-169.423,0
 19.416, 22.856,-167.005,0
 27.619, 22.657,-164.460,0
 34.268, 23.447,-162.851,0
 39.466, 24.250,-158.477,0
 43.264, 22.912,-155.154,0
 46.197, 21.456,-153.242,0
 49.507, 19.779,-153.124,0
 51.958, 18.690,-153.707,0
 54.661, 17.699,-152.464,0
 56.540, 16.974,-153.086,0
 58.622, 16.024,-153.321,0
 60.186, 14.729,-154.789,0
 63.672, 15.069,-156.136,0
 67.444, 14.780,-157.892,0
 70.109, 13.856,-159.137,0
 74.766, 15.228,-161.937,0
 77.255, 13.330,-162.101,0
 81.457, 13.386,-162.194,0
 86.003, 12.871,-164.557,0
 87.611, 13.190,-162.056,0
 91.055, 11.200,-162.101,0
 94.977,  8.260,-159.092,0
 98.783,  7.165,-154.333,0
101.483,  7.341,-152.973,0
105.381,  7.051,-150.760,0
109.707,  5.577,-153.162,0
114.121,  4.173,-153.156,0
117.727,  2.790,-154.829,0
122.026,  1.785,-156.313,0
125.051,  1.058,-157.539,0
126.769,  1.512,-156.603,0
129.027,  1.891,-155.576,0
130.764,  2.313,-155.513,0
130.954,  3.044,-156.144,0
131.362,  3.805,-156.887,0
131.035,  4.409,-157.189,0
128.707,  6.708,-155.347,0
124.689,  8.068,-156.156,0
119.924,  9.562,-157.862,0
117.807, 10.327,-157.056,0
115.477, 11.574,-156.572,0
114.069, 12.810,-156.921,0
111.567, 15.167,-160.012,0
106.192, 16.521,-162.918,0
100.453, 18.959,-164.281,0
 92.767, 20.431,-165.724,0
 86.858, 20.880,-165.495,0
 81.049, 21.758,-165.172,0
 72.927, 23.680,-174.761,0
 58.522, 29.484,152.454,0
 56.985, 25.505,151.121,0
 57.292, 25.433,157.075,0
 57.207, 28.156,165.325,0
 56.290, 27.163,171.256,0
 55.299, 24.800,178.627,0
 54.616, 25.195,-174.687,0
 51.403, 25.238,-173.184,0
 47.149, 25.354,-170.854,0
 39.414, 25.090,-175.097,0
 30.422, 23.839,-176.431,0
 21.036, 23.074,-179.862,0
 15.214, 23.493,-179.973,0
  9.512, 23.058,178.644,0
  5.138, 22.427,176.896,0
  1.061, 23.093,177.711,0
 -0.940, 24.127,177.393,0
 -5.572, 22.230,175.970,0
-10.770, 18.148,176.236,0
-15.441, 17.684,174.099,0
-21.119, 18.808,169.787,0
-22.345, 18.619,169.891,0
-24.744, 18.946,168.919,0
-27.724, 19.417,168.629,0
-32.262, 21.246,165.918,0
-34.258, 22.159,165.214,0
-35.991, 22.478,165.362,0
-37.382, 22.493,165.705,0
-38.909, 23.177,164.933,0
-40.299, 23.218,165.771,0
-39.087, 23.874,167.941,0
-30.385, 27.058,173.094,0
-19.054, 31.181,-176.256,0
-16.306, 29.916,-173.422,0
-16.825, 29.423,-172.077,0
-19.220, 28.278,-170.411,0
-19.789, 26.713,-173.918,0
-19.922, 26.106,-175.216,0
-20.057, 26.729,-173.359,0
-21.564, 27.579,-174.345,0
-21.121, 27.157,-178.977,0
-19.318, 27.064,179.733,0
-18.671, 26.770,-179.725,0
-18.528, 25.965,-177.384,0
-17.764, 26.093,-172.199,0
-17.725, 24.211,-171.808,0
-19.859, 24.028,-176.421,0
-20.077, 24.840,-176.988,0
-21.385, 25.402,-178.052,0
-22.721, 25.971,-178.536,0
-23.411, 26.475,-179.059,0
-25.963, 27.712,178.261,0
-29.644, 27.545,174.392,0
-30.573, 27.056,169.490,0
-33.862, 26.615,167.288,0
-37.107, 23.983,162.718,0
-37.171, 24.301,165.617,0
-37.500, 32.069,177.469,0
-36.985, 32.154,-174.525,0
-39.299, 37.453,-150.769,0
-24.535, 32.891,-117.098,0
-26.446, 40.206,-112.055,0
-27.088, 47.044,-91.942,0
-15.204, 50.621,-67.376,0
  0.571, 51.948,-47.404,0
 13.282, 49.459,-31.691,0
 22.580, 45.128,-14.888,0
 28.099, 37.231, -8.979,0
 30.044, 29.140, -2.502,0
 31.291, 19.534,  1.551,0
 31.387, 12.035,  5.216,0
 28.564,  2.309,  4.550,0
 27.283, -8.010,  4.194,0
 28.904,-16.587,  2.929,0
 29.398,-17.887,  7.105,0
 33.006,-19.973,  4.769,0
 36.464,-21.282,  4.885,0
 39.399,-23.699,  6.102,0
 41.109,-25.134,  7.285,0
 42.070,-26.993,  4.752,0
 42.892,-28.195,  2.918,0
 42.520,-29.957,  2.821,0
 41.661,-30.136,  7.038,0
 41.093,-31.847,  6.867,0
 39.701,-33.072,  9.614,0
 38.079,-34.561, 11.197,0
 36.263,-35.362, 11.450,0
 35.359,-37.258, 11.141,0
 33.587,-39.149, 13.185,0
 31.248,-41.356, 16.385,0
 29.085,-44.253, 14.771,0
 26.966,-47.065, 14.937,0
 23.748,-50.329, 16.267,0
 20.218,-54.167, 16.442,0
 16.075,-57.930, 18.614,0
 12.496,-62.216, 20.115,0
  8.340,-65.728, 19.118,0
  2.870,-69.093, 18.836,0
 -2.788,-72.677, 18.673,0
 -4.661,-77.391, 13.320,0
 -2.849,-82.625,  3.869,0
 25.191,-87.209,-29.412,0
117.126,-85.384,-126.107,0
129.459,-82.312,-144.323,0
132.207,-79.625,-151.986,0
131.657,-76.510,-157.460,0
126.054,-74.195,-156.550,0
121.575,-72.402,-158.883,0
112.261,-70.193,-157.542,0
106.734,-67.680,-154.892,0
101.929,-65.239,-151.700,0
 97.563,-62.572,-149.418,0
 92.416,-60.452,-150.563,0
 88.491,-58.231,-151.002,0
 85.963,-55.979,-153.384,0
 82.782,-54.230,-153.828,0
 80.082,-52.183,-155.775,0
 77.131,-50.502,-154.143,0
 73.958,-49.221,-150.876,0
 71.088,-48.135,-143.639,0
 65.538,-46.926,-111.981,0
 66.594,-45.879,-98.511,0
 69.916,-44.846,-89.882,0
 73.969,-42.336,-82.014,0
 78.969,-43.087,-85.975,0
 81.940,-43.416,-87.684,0
 85.439,-42.832,-92.459,0
 90.082,-42.752,-94.586,0
 93.418,-42.004,-99.274,0
 95.476,-41.332,-101.547,0
 98.952,-43.752,-101.570,0
103.477,-45.579,-103.243,0
108.899,-47.177,-105.122,0
112.682,-47.479,-108.943,0
114.666,-46.391,-112.306,0
111.387,-45.899,-115.813,0
108.454,-45.166,-115.908,0
106.176,-44.657,-119.464,0
102.421,-43.519,-117.107,0
 98.866,-42.088,-114.415,0
 95.055,-41.001,-111.489,0
 91.548,-39.925,-109.870,0
 83.182,-38.973,-105.609,0
 71.270,-36.352,-100.294,0
 62.962,-33.063,-96.147,0
 59.352,-28.946,-93.288,0
 53.269,-23.879,-88.522,0
 46.956,-17.023,-83.912,0
 38.700, -7.980,-80.660,0
 30.822,  1.086,-76.829,0
 24.123,  9.038,-74.902,0
 18.961, 14.726,-73.188,0
 14.060, 20.791,-70.831,0
 10.982, 25.640,-65.872,0
  7.823, 30.472,-60.148,0
  5.549, 32.951,-54.733,0
  4.378, 33.999,-49.164,0
  3.828, 32.965,-43.959,0
  3.109, 30.979,-40.191,0
  3.053, 27.774,-36.686,0
  4.944, 23.106,-32.802,0
  6.932, 16.980,-30.040,0
  9.561,  5.390,-24.474,0
 10.984,-14.842,-17.272,0
 13.882,-27.848,-20.358,0
 20.249,-44.999,-25.085,0
 33.352,-61.412,-35.621,0
 58.026,-69.693,-60.835,0
119.431,-62.074,-124.590,0
142.428,-45.035,-146.769,0
153.635,-27.649,-153.829,0
160.399,-16.294,-160.198,0
162.555, -4.643,-163.875,0
163.813,  6.765,-163.601,0
164.268, 16.065,-163.765,0
165.353, 22.035,-163.532,0
164.094, 26.377,-163.524,0
164.989, 25.144,-163.142,0
165.213, 22.855,-162.805,0
165.735, 14.684,-162.387,0
165.914, -0.746,-163.086,0
162.772,-13.507,-162.458,0
159.121,-25.079,-161.592,0
155.493,-33.084,-161.007,0
151.515,-41.390,-160.600,0
145.245,-47.296,-158.530,0
136.598,-53.287,-153.974,0
131.544,-54.009,-149.260,0
133.550,-46.915,-149.806,0
141.027,-33.724,-152.340,0
142.992,-27.988,-149.527,0
140.596,-27.378,-144.505,0
142.520,-24.044,-148.979,0
143.465,-21.262,-148.110,0
144.450,-19.323,-147.205,0
144.907,-17.606,-147.901,0
145.400,-15.806,-149.249,0
147.336,-12.900,-152.459,0
148.705,-10.775,-152.506,0
152.555, -5.620,-156.528,0
152.215, -4.870,-154.670,0
154.473, -3.736,-156.377,0
155.375, -3.522,-157.190,0
156.359, -1.146,-159.425,0
157.001, -4.118,-159.165,0
158.154, -6.652,-159.557,0
160.351, -6.454,-160.129,0
162.500, -6.432,-160.721,0
163.441, -5.774,-161.181,0
163.443, -4.841,-161.539,0
163.440, -3.791,-161.818,0
163.573, -2.892,-162.109,0
163.875, -1.960,-162.381,0
163.898, -1.040,-162.776,0
163.913, -0.199,-163.149,0
163.953,  0.644,-163.537,0
164.327,  1.269,-163.843,0
164.303,  2.105,-164.113,0
164.265,  2.919,-164.406,0
164.266,  3.622,-164.777,0
164.206,  4.327,-165.053,0
164.154,  5.072,-165.370,0
164.104,  5.689,-165.672,0
164.006,  6.326,-165.938,0
163.924,  6.994,-166.225,0
163.862,  7.563,-166.504,0
163.764,  8.050,-166.683,0
163.704,  8.591,-166.941,0
163.608,  9.207,-167.198,0
163.461,  9.793,-167.410,0
163.332, 10.215,-167.612,0
163.184, 10.650,-167.884,0
163.422, 11.067,-167.933,0
163.349, 11.485,-168.163,0
163.225, 11.763,-168.460,0
163.065, 12.217,-168.614,0
163.003, 12.521,-168.968,0
162.866, 12.820,-169.193,0
162.785, 13.090,-169.477,0
162.616, 13.517,-169.697,0
162.483, 13.842,-169.920,0
162.410, 14.186,-170.068,0
162.216, 14.520,-170.225,0
162.079, 14.822,-170.291,0
161.925, 15.058,-170.402,0
161.800, 15.415,-170.561,0
161.598, 15.689,-170.639,0
161.457, 15.888,-170.754,0
161.299, 16.314,-170.872,0
161.238, 16.472,-171.032,0
161.022, 16.655,-171.136,0
160.824, 16.809,-171.269,0
160.668, 17.014,-171.422,0
160.396, 17.250,-171.527,0
160.145, 17.533,-171.666,0
159.965, 17.643,-171.824,0
159.642, 17.840,-171.783,0
159.477, 17.914,-171.914,0
159.219, 18.011,-171.938,0
159.013, 18.124,-171.972,0
158.769, 18.181,-172.033,0
158.550, 18.330,-172.145,0
158.311, 18.543,-172.227,0
158.106, 18.722,-172.349,0
157.863, 18.868,-172.374,0
157.681, 19.074,-172.514,0
157.465, 19.083,-172.685,0
157.226, 19.156,-172.650,0
157.014, 19.240,-172.699,0
156.762, 19.334,-172.710,0
156.505, 19.460,-172.782,0
156.240, 19.563,-172.807,0
156.066, 19.597,-173.043,0
155.876, 19.782,-173.148,0
155.654, 19.781,-173.231,0
155.385, 19.844,-173.358,0
155.031, 19.996,-173.363,0
154.805, 20.067,-173.453,0
154.559, 20.160,-173.516,0
154.366, 20.177,-173.677,0
154.139, 20.234,-173.705,0
153.880, 20.353,-173.750,0
153.569, 20.424,-173.718,0
153.309, 20.506,-173.724,0
153.016, 20.601,-173.748,0
152.750, 20.644,-173.863,0
152.488, 20.679,-173.901,0
152.211, 20.736,-173.980,0
151.960, 20.829,-173.911,0
151.555, 20.967,-173.852,0
151.274, 21.021,-173.894,0
150.937, 21.091,-173.871,0
150.628, 21.072,-173.842,0
150.423, 21.187,-173.847,0
150.117, 21.295,-173.799,0
149.796, 21.341,-173.744,0
149.422, 21.437,-173.729,0
148.992, 21.503,-173.660,0
148.660, 21.526,-173.594,0
148.254, 21.672,-173.538,0
147.995, 21.704,-173.569,0
147.705, 21.757,-173.523,0
147.313, 21.734,-173.469,0
147.018, 21.809,-173.550,0
146.814, 21.875,-173.587,0
146.356, 21.981,-173.499,0
146.134, 22.055,-173.567,0
145.850, 22.064,-173.519,0
145.558, 22.047,-173.552,0
145.025, 22.131,-173.462,0
144.730, 22.258,-173.490,0
144.384, 22.308,-173.432,0
143.999, 22.363,-173.358,0
143.686, 22.345,-173.339,0
143.240, 22.371,-173.212,0
142.833, 22.477,-173.116,0
142.496, 22.586,-173.057,0
142.115, 22.624,-173.091,0
141.824, 22.687,-173.018,0
141.379, 22.767,-172.981,0
141.006, 22.851,-172.936,0
140.592, 22.909,-172.911,0
140.182, 22.907,-172.943,0
139.768, 23.055,-172.902,0
139.351, 23.080,-172.801,0
138.907, 23.196,-172.836,0
138.499, 23.190,-172.802,0
138.077, 23.272,-172.737,0
137.598, 23.298,-172.645,0
137.201, 23.356,-172.598,0
136.743, 23.403,-172.465,0
136.386, 23.437,-172.436,0
135.954, 23.565,-172.367,0
135.582, 23.602,-172.375,0
135.150, 23.577,-172.362,0
134.702, 23.672,-172.287,0
134.223, 23.748,-172.207,0
133.664, 23.825,-172.145,0
133.169, 23.904,-172.111,0
132.719, 23.933,-172.090,0
132.243, 24.001,-171.961,0
131.787, 23.977,-171.943,0
131.243, 23.983,-171.814,0
130.725, 24.060,-171.748,0
129.989, 24.211,-171.633,0
129.474, 24.285,-171.484,0
128.901, 24.319,-171.381,0
128.367, 24.411,-171.328,0
127.846, 24.488,-171.309,0
127.167, 24.629,-171.227,0
126.670, 24.715,-171.103,0
126.138, 24.895,-170.960,0
125.562, 24.957,-170.820,0
124.843, 25.128,-170.657,0
124.194, 25.240,-170.551,0
123.589, 25.310,-170.430,0
123.031, 25.455,-170.366,0
122.369, 25.558,-170.351,0
121.811, 25.603,-170.226,0
121.298, 25.650,-170.160,0
120.634, 25.838,-170.116,0
120.120, 25.885,-170.106,0
119.492, 26.019,-169.929,0
118.720, 26.151,-169.882,0
117.972, 26.247,-169.803,0
117.404, 26.304,-169.666,0
116.699, 26.366,-169.594,0
115.793, 26.470,-169.532,0
115.107, 26.545,-169.515,0
114.471, 26.626,-169.499,0
113.652, 26.767,-169.409,0
113.043, 26.750,-169.399,0
112.339, 26.908,-169.300,0
111.473, 27.120,-169.166,0
110.761, 27.182,-169.045,0
109.981, 27.309,-169.005,0
109.305, 27.403,-168.975,0
108.521, 27.568,-168.893,0
107.845, 27.696,-168.887,0
107.099, 27.861,-168.798,0
106.226, 27.967,-168.656,0
105.379, 28.152,-168.606,0
104.503, 28.380,-168.463,0
103.710, 28.609,-168.363,0
102.897, 28.793,-168.233,0
102.050, 29.000,-168.111,0
101.124, 29.078,-168.015,0
100.447, 29.295,-167.895,0
 99.857, 29.416,-167.522,0
 99.005, 29.637,-167.393,0
 98.150, 29.865,-167.288,0
 97.214, 30.091,-167.190,0
 96.239, 30.226,-167.184,0
 95.379, 30.438,-167.148,0
 94.370, 30.712,-167.009,0
 93.308, 30.827,-166.921,0
 92.273, 30.953,-166.868,0
 91.145, 31.164,-166.890,0
 90.204, 31.377,-166.817,0
 89.337, 31.650,-166.760,0
 88.379, 31.851,-166.725,0
 87.211, 31.960,-166.730,0
 86.118, 32.116,-166.688,0
 85.065, 32.360,-166.604,0
 84.097, 32.567,-166.640,0
 82.920, 32.658,-166.652,0
 81.884, 32.846,-166.552,0
 80.778, 32.937,-166.592,0
 79.886, 33.185,-166.534,0
 78.825, 33.362,-166.495,0
 77.882, 33.534,-166.601,0
 76.987, 33.747,-166.530,0
 75.900, 33.864,-166.502,0
 74.726, 34.170,-166.516,0
 73.707, 34.468,-166.496,0
 72.394, 34.622,-166.573,0
 71.183, 34.750,-166.665,0
 70.055, 35.039,-166.653,0
 68.940, 35.323,-166.638,0
 67.567, 35.422,-166.731,0
 66.265, 35.579,-166.842,0
 65.139, 35.878,-166.818,0
 64.192, 36.264,-166.863,0
 62.891, 36.392,-166.999,0
 61.729, 36.602,-166.943,0
 60.425, 36.672,-166.950,0
 59.332, 37.039,-167.106,0
 58.160, 37.324,-167.218,0
 56.773, 37.497,-167.340,0
 55.433, 37.691,-167.474,0
 54.166, 37.873,-167.617,0
 53.210, 38.290,-167.615,0
 51.875, 38.470,-167.746,0
 50.681, 38.697,-167.841,0
 49.343, 38.932,-167.973,0
 48.011, 38.966,-168.066,0
 46.805, 39.236,-168.216,0
 45.472, 39.381,-168.389,0
 44.302, 39.679,-168.531,0
 43.127, 39.983,-168.686,0
 41.898, 40.298,-168.948,0
 40.639, 40.308,-169.021,0
 39.270, 40.331,-169.215,0
 37.917, 40.406,-169.373,0
 36.734, 40.724,-169.615,0
 35.447, 40.850,-169.798,0
 34.154, 40.999,-170.048,0
 32.936, 41.085,-170.167,0
 31.774, 41.283,-170.315,0
 30.403, 41.339,-170.520,0
 29.043, 41.575,-170.809,0
 27.603, 41.620,-171.069,0
 26.387, 41.638,-171.303,0
 24.958, 41.493,-171.544,0
 23.767, 41.606,-171.799,0
 22.503, 41.738,-172.044,0
 21.302, 41.819,-172.216,0
 19.967, 41.901,-172.568,0
 18.645, 41.795,-172.846,0
 17.309, 42.002,-173.166,0
 16.027, 42.105,-173.377,0
 14.711, 42.166,-173.642,0
 13.409, 42.210,-173.935,0
 12.125, 42.037,-174.181,0
 10.992, 42.177,-174.381,0
  9.837, 42.310,-174.621,0
  8.723, 42.313,-174.818,0
  7.377, 42.138,-175.041,0
  6.158, 42.182,-175.241,0
  5.156, 42.229,-175.421,0
  3.999, 42.479,-175.761,0
  2.843, 42.539,-176.014,0
  1.728, 42.576,-176.237,0
  0.754, 42.286,-176.334,0
 -0.321, 42.258,-176.527,0
 -1.493, 42.265,-176.799,0
 -2.490, 42.266,-177.005,0
 -3.662, 42.110,-177.280,0
 -4.842, 42.421,-177.725,0
 -5.930, 42.471,-177.999,0
 -7.038, 42.607,-178.357,0
 -7.893, 42.372,-178.483,0
 -8.993, 42.554,-178.835,0
-10.000, 42.389,-178.977,0
-11.173, 42.478,-179.353,0
-11.990, 42.082,-179.475,0
-12.773, 41.953,-179.614,0
-13.939, 42.024,179.964,0
-15.052, 42.109,179.585,0
-15.837, 41.971,179.527,0
-16.883, 42.057,179.188,0
-18.028, 42.351,178.663,0
-18.879, 42.349,178.473,0
-19.633, 42.146,178.448,0
-20.707, 42.080,178.092,0
-21.519, 41.951,178.009,0
-22.411, 41.915,177.847,0
-23.302, 41.822,177.717,0
-24.079, 41.833,177.550,0
-24.811, 41.619,177.516,0
-25.463, 41.578,177.379,0
-26.250, 41.507,177.195,0
-27.105, 41.532,176.998,0
-27.774, 41.264,176.893,0
-28.461, 41.156,176.739,0
-29.265, 41.132,176.450,0
-30.325, 41.332,175.981,1
-31.194, 41.399,175.732,1
-31.865, 41.348,175.560,1
-32.618, 41.344,175.352,1
-33.511, 41.364,175.075,1
-34.485, 41.401,174.703,1
-35.049, 41.141,174.776,1
-35.833, 41.187,174.465,1
-36.564, 40.967,174.430,1
-37.305, 41.172,174.128,1
-37.964, 41.181,173.975,0
-38.799, 41.172,173.608,0
-39.573, 41.090,173.400,0
-40.102, 40.965,173.347,0
-40.889, 40.927,173.231,0
-41.668, 40.947,172.885,0
-42.461, 40.966,172.568,0
-43.158, 40.959,172.319,0
-43.589, 40.647,172.399,0
-42.796, 40.814,173.112,0
-43.603, 40.714,172.768,0
-44.360, 40.481,172.687,0
-44.308, 40.442,172.979,0
-45.113, 40.459,172.636,0
-45.994, 40.556,172.194,0
-46.290, 40.136,172.379,0
-46.697, 39.877,172.480,0
-47.571, 39.898,172.243,0
-48.186, 39.798,172.185,0
-48.895, 39.846,171.886,0
-49.525, 39.791,171.768,0
-49.972, 39.738,171.726,0
-50.681, 39.702,171.485,0
-51.211, 39.675,171.414,0
-51.613, 39.510,171.455,0
-52.217, 39.384,171.353,0
-52.721, 39.277,171.273,0
-53.184, 39.179,171.173,0
