  0.036, -0.004,  0.002,0
  0.156,  0.286, -0.921,0
  0.943,  0.495, -0.561,0
  0.872,  0.403, -0.476,0
  0.615, -0.170,  0.024,0
  0.378,  0.087, -0.012,0
  0.856,  0.352, -0.210,0
  0.106, -0.724, -0.357,0
  0.458, -0.548, -0.412,0
  0.676, -0.659, -0.072,0
  0.906, -0.515, -0.071,0
  0.875,  0.037,  0.125,0
  0.092,  0.011,  0.227,0
  0.199,  0.355, -0.024,0
  0.286,  0.126,  0.247,0
  0.453,  0.622,  0.105,0
  0.395,  0.243,  0.146,0
  0.422,  0.036,  0.128,0
  0.303, -0.348, -0.030,0
  0.310, -0.147,  0.315,0
  0.443, -0.254,  0.455,0
  0.610, -0.108,  0.413,0
  0.392, -0.448,  0.516,0
  0.542, -0.208,  0.336,0
  0.605,  0.186,  0.252,0
  0.400, -0.377, -0.167,0
  0.459,  0.037, -0.056,0
  0.517,  0.613,  0.181,0
  0.487,  0.776,  0.179,0
  0.526,  1.049,  0.087,0
  0.564,  0.265, -0.201,0
  0.519,  0.144,  0.137,0
  0.553,  0.296, -0.255,0
  0.442,  0.150, -0.050,0
  0.439, -0.294,  0.250,0
  0.563,  0.261, -0.106,0
  0.660,  0.455,  0.123,0
  0.773, -0.302, -0.452,0
  0.751, -0.082, -0.121,0
  0.736,  0.339,  0.020,0
  0.784,  0.502,  0.141,0
  0.746,  0.321,  0.183,0
  0.845,  0.264, -0.129,0
  0.810,  0.177,  0.048,0
  0.606,  0.160,  0.207,0
  0.682,  0.319,  0.320,0
  0.764,  0.463,  0.411,0
  0.803,  0.381,  0.495,0
  0.816,  0.324,  0.038,0
  0.715, -0.041,  0.008,0
  0.809, -0.057,  0.126,0
  0.816, -0.272,  0.003,0
  0.797, -0.325,  0.261,0
  0.788, -0.597,  0.416,0
  0.762, -0.342,  0.592,0
  0.831, -0.118,  0.609,0
  0.558, -0.144,  0.057,0
  0.552, -0.251,  0.192,0
  0.624, -0.189,  0.287,0
  0.635, -0.085,  0.356,0
  0.591,  0.353,  0.294,0
  0.566,  0.166,  0.250,0
  0.617,  0.506,  0.372,0
  0.512, -0.306,  0.104,0
  0.571,  0.026,  0.320,0
  0.670,  0.546,  0.262,0
  0.705,  0.331,  0.171,0
  0.776,  0.299,  0.141,0
  0.639, -0.263, -0.012,0
  0.699,  0.022, -0.076,0
  0.772,  0.107,  0.255,0
  0.885,  0.204,  0.299,0
  0.724,  0.455,  0.430,0
  0.713,  0.477,  0.337,0
  0.741,  0.747, -0.052,0
  0.683,  0.587,  0.114,0
  0.718, -0.021, -0.188,0
  0.771,  0.358,  0.019,0
  0.558, -0.261,  0.301,0
  0.708, -0.313,  0.046,0
  0.767, -0.244,  0.301,0
  0.711, -0.188,  0.320,0
  0.685,  0.218,  0.120,0
  0.805,  0.645,  0.123,0
  0.891,  0.526, -0.001,0
  0.575,  0.256,  0.223,0
  0.435,  0.600,  0.016,0
  0.455,  0.348,  0.169,0
  0.522,  0.174, -0.106,0
  0.663,  0.386,  0.093,0
  0.719,  0.896,  0.171,0
  0.854,  1.039, -0.096,0
  0.920,  1.123,  0.030,0
  0.965,  0.545, -0.849,0
  0.899,  0.184, -0.614,0
  0.885,  0.685, -0.181,0
  0.774,  0.461,  0.058,0
  0.742,  0.758,  0.132,0
  0.706,  0.671, -0.034,0
  0.717,  0.577,  0.008,0
  0.664,  0.133,  0.175,0
  0.747,  0.504,  0.166,0
  0.743,  0.648,  0.180,0
  0.732,  0.186,  0.425,0
  0.749,  0.322,  0.473,0
  0.797,  0.136, -0.273,0
  0.782,  0.347,  0.127,0
  0.839,  0.309, -0.028,0
  0.898,  0.415,  0.130,0
  0.883,  0.778,  0.153,0
  0.875,  0.932, -0.435,0
  0.819,  0.666, -0.299,0
  0.801,  0.525, -0.088,0
  0.692,  0.384,  0.178,0
  0.725,  0.472, -0.081,0
  0.783,  0.054,  0.196,0
  0.741,  0.010,  0.277,0
  0.648,  0.117,  0.077,0
  0.713,  0.523,  0.294,0
  0.584,  0.522,  0.409,0
  0.558,  0.661,  0.235,0
  0.664,  0.791,  0.268,0
  0.691,  0.747,  0.244,0
  0.589,  0.756,  0.159,0
  0.562,  0.374,  0.178,0
  0.607,  0.236,  0.267,0
  0.695,  0.043,  0.257,0
  0.683,  0.054,  0.123,0
  0.758,  0.352,  0.178,0
  0.641,  0.176, -0.126,0
  0.573, -0.193, -0.105,0
  0.583, -0.567,  0.165,0
  0.630, -0.360,  0.424,0
  0.619, -0.865,  0.478,0
  0.694, -1.051,  0.623,0
  0.805, -0.456,  0.692,0
  0.868, -0.330, -0.394,0
  0.883,  0.389,  0.060,0
  0.894,  0.149,  0.305,0
  0.848,  0.254,  0.313,0
  0.918,  0.780,  0.340,0
  0.917,  0.634,  0.223,0
  0.831,  0.343,  0.221,0
  0.908,  0.318,  0.141,0
  0.903,  0.800,  0.158,0
  0.754,  0.637,  0.132,0
  0.797,  0.482,  0.108,0
  0.758,  0.678, -0.086,0
  0.642,  0.887,  0.149,0
  0.481,  0.219,  0.102,0
  0.544,  0.239,  0.350,0
  0.563,  0.694,  0.277,0
  0.614,  0.717,  0.156,0
  0.630,  0.710,  0.284,0
  0.685, -0.194, -0.320,0
  0.667,  0.228, -0.178,0
  0.694,  0.523,  0.134,0
  0.781,  0.139,  0.238,0
  0.828, -0.271,  0.270,0
  0.815, -0.179,  0.482,0
  0.793, -0.017,  0.616,0
  0.861,  0.362,  0.050,0
  0.744,  0.335,  0.301,0
  0.745,  0.796,  0.286,0
  0.789,  0.713,  0.406,0
  0.819,  0.876,  0.405,0
  0.894,  0.573, -0.098,0
  0.817,  0.663,  0.076,0
  0.507,  0.563,  0.095,0
  0.531,  0.250,  0.172,0
  0.591,  0.693,  0.065,0
  0.443,  0.705,  0.150,0
  0.530,  0.742, -0.010,0
  0.390,  0.125, -0.114,0
  0.270,  0.422,  0.210,0
  0.381,  0.069, -0.023,0
  0.409,  0.568,  0.146,0
  0.475,  0.267,  0.227,0
  0.349,  0.050,  0.070,0
  0.231,  0.086,  0.308,0
  0.407,  0.217,  0.370,0
  0.402,  0.120,  0.222,0
  0.438,  0.326,  0.375,0
  0.457,  0.318,  0.427,0
  0.547,  0.587,  0.251,0
  0.285,  0.779,  0.084,0
  0.414,  1.192,  0.188,0
  0.332,  1.012,  0.268,0
  0.413,  0.837,  0.287,0
  0.465,  0.403,  0.253,0
  0.426,  0.833, -0.018,0
  0.512,  0.636, -0.078,0
  0.633,  0.848, -0.360,0
  0.694,  0.980, -0.051,0
  0.759,  0.707, -0.294,0
  0.694,  0.594,  0.003,0
  0.545,  0.284,  0.227,0
  0.413,  0.163,  0.156,0
  0.556,  0.171,  0.180,0
  0.536, -0.295,  0.438,0
  0.667, -0.127,  0.176,0
  0.801,  0.173,  0.348,0
  0.787,  0.173,  0.381,0
  0.777,  0.111,  0.109,0
  0.513,  0.085, -0.157,0
  0.664,  0.387,  0.024,0
  0.653,  0.048,  0.299,0
  0.506,  0.296,  0.208,0
  0.533,  0.276,  0.340,0
  0.618,  0.702, -0.009,0
  0.506,  0.356,  0.382,0
  0.583,  0.131,  0.286,0
  0.676,  0.135,  0.244,0
  0.483, -0.028,  0.361,0
  0.573,  0.580,  0.355,0
  0.701,  0.698,  0.203,0
  0.696,  0.902, -0.331,0
  0.718,  0.573, -0.095,0
  0.763,  0.789, -0.062,0
  0.725,  0.558,  0.071,0
  0.719,  1.188,  0.135,0
  0.761,  0.551,  0.151,0
  0.778,  0.785,  0.285,0
  0.856,  0.986,  0.189,0
  0.813,  0.728,  0.344,0
  0.708,  1.035,  0.294,0
  0.697,  1.084,  0.143,0
  0.673,  0.533,  0.072,0
  0.466,  0.586, -0.004,0
  0.562,  0.524,  0.298,0
  0.693,  0.165,  0.249,0
  0.372,  0.333,  0.538,0
  0.477, -0.262,  0.043,0
  0.492, -0.443,  0.290,0
  0.567, -0.205,  0.432,0
  0.544, -0.806, -0.057,0
  0.618, -0.622,  0.160,0
  0.685, -0.373,  0.302,0
  0.643, -0.118,  0.410,0
  0.763,  0.067,  0.247,0
  0.801, -0.424, -0.079,0
  0.769, -0.406,  0.244,0
  0.758, -0.457,  0.114,0
  0.836, -0.286,  0.434,0
  0.813, -0.232,  0.446,0
  0.945, -0.222,  0.162,0
  0.945, -0.057,  0.341,0
  0.948, -0.245, -0.118,0
  0.921, -0.064,  0.197,0
  0.942, -0.158,  0.290,0
  0.977,  0.093,  0.445,0
  0.994,  0.028,  0.482,0
  0.925,  0.054,  0.289,0
  0.920,  0.200,  0.312,0
  0.895,  0.522, -0.020,0
  0.892,  0.475, -0.034,0
  0.960,  0.497,  0.125,0
  0.979,  0.848,  0.167,0
  1.152,  0.448, -0.141,0
  0.987,  0.623, -0.299,0
  0.943,  0.500, -0.042,0
  0.726,  0.227,  0.019,0
  0.849,  0.456,  0.098,0
  0.922,  0.364,  0.246,0
  0.850,  0.201, -0.153,0
  0.770,  0.555,  0.105,0
  0.810,  0.380,  0.250,0
  0.860,  0.532,  0.220,0
  0.762,  1.126,  0.268,0
  0.766,  0.776,  0.330,0
  0.789,  0.783,  0.174,0
  0.653,  0.370, -0.291,0
  0.702,  0.285, -0.024,0
  0.814,  0.285,  0.178,0
  0.610,  0.405,  0.401,0
  0.734,  0.307,  0.283,0
  0.788,  0.000, -0.313,0
  0.760,  0.004, -0.141,0
  0.853,  0.016,  0.021,0
  0.820,  0.496,  0.139,0
  0.869,  0.328, -0.234,0
  0.920,  0.423,  0.105,0
  0.925,  0.411,  0.286,0
  0.672,  0.108, -0.156,0
  0.724,  0.437,  0.189,0
  0.828,  0.437,  0.231,0
  0.731,  0.918,  0.231,0
  0.728,  0.719,  0.106,0
  0.748,  0.345,  0.190,0
  0.825,  0.534, -0.323,0
  0.868,  0.648, -0.074,0
  0.867,  0.421, -0.039,0
  0.861,  0.220,  0.256,0
  0.825,  0.222,  0.195,0
  0.822, -0.266, -0.110,0
 -0.519, -0.629, -1.708,0
 -0.413, -0.110, -0.726,0
 -0.252, -0.093, -0.056,0
 -0.099,  0.402,  0.260,0
  0.034,  0.519,  0.382,0
  0.020,  0.400,  0.480,0
 -0.185,  0.544,  0.378,0
 -0.085,  0.323,  0.350,0
  0.126,  0.952,  0.338,0
  0.249,  1.009,  0.311,0
  0.339,  1.140,  0.169,0
  0.338,  0.692, -0.254,0
  0.403,  0.505, -0.216,0
  0.433,  0.483, -0.016,0
  0.514,  0.522,  0.226,0
  0.534, -0.112,  0.348,0
  0.638,  0.338,  0.495,0
  0.684,  0.473,  0.278,0
  0.662,  0.551, -0.355,0
  0.612,  0.587, -0.008,0
  0.631,  0.512, -0.080,0
  0.429,  0.252,  0.131,0
  0.512,  0.527,  0.031,0
  0.513,  0.605,  0.286,0
  0.294,  0.554,  0.337,0
  0.471,  0.251, -0.459,0
  0.306, -0.151,  0.046,0
  0.363,  0.334,  0.166,0
  0.310, -0.163, -0.117,0
  0.435,  0.124,  0.110,0
  0.596, -0.506, -0.383,0
  0.388, -0.163,  0.130,0
  0.353, -0.076,  0.296,0
  0.489,  0.176,  0.318,0
  0.401,  0.226,  0.245,0
  0.467,  0.347,  0.260,0
  0.536,  0.362,  0.280,0
  0.508,  0.199, -0.036,0
  0.425,  0.086,  0.153,0
  0.459,  0.440,  0.129,0
  0.482,  0.309,  0.156,0
  0.615,  0.286, -0.079,0
  0.660,  0.506, -0.057,0
  0.641,  0.209,  0.246,0
  0.595,  0.350,  0.260,0
  0.237,  0.148, -0.067,0
  0.323,  0.328,  0.116,0
  0.242,  0.258,  0.362,0
  0.381,  0.450,  0.210,0
  0.311,  0.487, -0.283,0
  0.362,  0.452, -0.041,0
  0.146,  0.767,  0.191,0
  0.337,  0.666,  0.069,0
  0.405,  0.412,  0.112,0
  0.377, -0.343, -0.052,0
  0.353, -0.072,  0.266,0
  0.476,  0.297,  0.044,0
  0.396,  0.225,  0.200,0
  0.627,  0.686, -0.039,0
  0.695,  0.657,  0.277,0
  0.674,  0.254,  0.325,0
  0.765, -0.333, -0.389,0
  0.830,  0.010, -0.123,0
  0.835, -0.000,  0.149,0
  0.862,  0.032,  0.084,0
  0.872,  0.120,  0.084,0
  0.955,  0.310, -0.118,0
  0.755,  0.311,  0.190,0
  0.667,  0.595,  0.117,0
  0.766,  0.290,  0.086,0
  0.774,  0.036,  0.147,0
  0.744, -0.279,  0.057,0
  0.783,  0.195,  0.322,0
  0.493,  0.198,  0.171,0
  0.377,  0.323,  0.309,0
  0.541,  0.570,  0.301,0
  0.626,  0.453,  0.336,0
  0.547,  0.694,  0.130,0
  0.671,  0.748,  0.077,0
  0.807,  0.864,  0.052,0
  0.710,  1.334,  0.130,0
  0.713,  1.358,  0.001,0
  0.794,  0.935, -0.009,0
  0.559,  0.575,  0.293,0
  0.551,  0.259,  0.424,0
  0.484, -0.452,  0.265,0
  0.481, -0.049,  0.473,0
  0.562, -0.455,  0.401,0
  0.618, -0.080,  0.531,0
  0.431,  0.129,  0.535,0
  0.505, -0.466,  0.430,0
  0.574,  0.052,  0.510,0
  0.307, -0.152,  0.081,0
  0.446,  0.149,  0.260,0
  0.468,  0.322,  0.447,0
  0.406,  0.208,  0.443,0
  0.407,  0.185,  0.421,0
  0.441,  0.681,  0.470,0
  0.486,  0.832,  0.411,0
  0.608,  0.806, -0.046,0
  0.681,  0.810,  0.194,0
  0.748,  0.366, -0.085,0
  0.796,  0.532,  0.160,0
  0.817,  0.383,  0.365,0
  0.779, -0.055, -0.086,0
  0.768,  0.132, -0.068,0
  0.764,  0.345,  0.373,0
  0.794,  0.502,  0.104,0
  0.418,  0.684,  0.232,0
  0.505,  0.320, -0.133,0
  0.545,  0.493, -0.010,0
  0.613,  0.399, -0.030,0
  0.535,  0.326,  0.193,0
  0.590,  0.891,  0.215,0
  0.658,  0.523, -0.138,0
  0.656,  0.853,  0.028,0
  0.536,  0.575, -0.253,0
  0.585,  0.512, -0.343,0
  0.414,  0.497,  0.016,0
  0.523,  0.007,  0.175,0
  0.575, -0.176, -0.048,0
  0.517, -0.236, -0.142,0
  0.519,  0.076,  0.191,0
  0.441,  0.145,  0.192,0
  0.455,  0.452,  0.272,0
  0.568,  0.372,  0.282,0
  0.471,  0.447,  0.351,0
  0.468,  0.131,  0.220,0
  6.441, -0.970,  1.336,0
  5.800, -1.343,  1.608,0
  6.603, -5.219,  3.827,0
  1.223, -2.983,  4.080,0
 -0.393, -3.760,  2.873,0
 -0.814, -8.793,  0.652,0
 -2.902, -7.542, -1.328,0
 -4.627, -8.525, -1.176,0
 -6.812, -7.443, -1.543,0
 -7.772, -2.890, -2.956,0
 -8.459,  2.225, -4.918,0
 -9.307,  7.575, -6.882,0
-10.006, 13.625, -8.668,0
-10.157, 16.812,-10.302,0
-10.901, 20.113,-11.577,0
-11.995, 25.915,-12.004,0
-13.911, 29.591,-12.579,0
-14.501, 28.734,-10.390,0
-14.174, 26.756, -8.491,0
-13.803, 24.120, -6.786,0
-12.695, 19.640, -5.031,0
-11.256, 14.460, -3.946,0
 -8.495,  5.335, -0.046,0
 -7.195,  2.787, -1.173,0
 -7.116,  0.511, -0.978,0
 -6.217,  2.561, -1.016,0
 -5.227,  1.412, -0.903,0
 -4.446,  0.769, -0.977,0
 -3.694,  0.516, -1.053,0
 -3.066,  0.605, -0.874,0
 -2.679,  0.264, -0.965,0
 -2.349,  0.097, -0.852,0
 -1.990,  0.011, -0.795,0
 -1.646, -0.522, -0.531,0
 -1.326, -0.386, -0.801,0
 -1.077, -0.386, -0.839,0
 -1.108, -0.468, -1.096,0
 -1.320, -0.126, -0.737,0
 -1.034, -0.167, -0.937,0
 -0.826, -0.102, -0.927,0
 -0.684, -0.273, -0.940,0
 -0.483, -0.171, -0.783,0
 -0.414, -0.026, -0.627,0
 -0.477,  0.339, -0.700,0
 -0.454, -0.172, -0.746,0
 -0.353, -0.372, -0.841,0
 -0.366, -0.368, -0.806,0
 -0.234, -0.300, -0.893,0
 -0.319, -0.282, -0.994,0
 -0.354, -0.226, -0.905,0
 -0.236, -0.396, -0.967,0
 -0.184, -0.232, -0.756,0
 -0.288, -0.264, -0.710,0
 -0.139, -0.289, -0.689,0
 -0.082, -0.165, -0.740,0
 -0.211, -0.465, -1.533,0
 -0.186, -0.380, -1.318,0
 -0.036, -0.125, -1.104,0
  0.029, -0.013, -0.986,0
 -0.046, -0.260, -0.978,0
 -0.224, -0.061, -1.069,0
 -0.015, -0.064, -0.940,0
  0.034, -0.123, -1.152,0
  0.109, -0.251, -0.963,0
  0.122, -0.310, -0.908,0
  0.101, -0.375, -0.989,0
 -6.762, -0.616,  0.821,0
 -5.100, -1.259, -0.874,0
 -2.684, -0.976, -0.462,0
  0.413, -1.816, -4.579,0
 -1.029, -2.585, -3.288,0
 -1.436, -3.880, -1.711,0
 -1.702, -5.569, -0.151,0
 -1.523, -5.558, -0.001,0
 -2.733, -4.284,  0.670,0
 -1.767, -3.148,  0.131,0
 -2.515,  1.721, -1.658,0
 -3.988,  3.521, -2.322,0
 -4.263,  3.937, -4.232,0
 -4.054,  5.147, -6.287,0
 -4.055,  8.274, -8.106,0
 -4.365, 12.047, -9.717,0
 -4.649, 15.662,-12.274,0
 -4.910, 21.574,-13.759,0
 -5.615, 29.453,-15.179,0
 -6.748, 33.837,-16.638,0
 -7.982, 35.757,-18.504,0
 -9.417, 37.374,-18.961,0
-10.173, 37.989,-18.884,0
-11.266, 37.642,-18.364,0
-11.355, 36.473,-16.446,0
-10.669, 32.395,-14.743,0
 -9.939, 29.136,-13.247,0
 -9.196, 27.793,-11.177,0
 -8.498, 24.318,-10.173,0
 -7.624, 19.248, -9.966,0
 -6.893, 13.801, -8.542,0
 -5.286,  9.483, -6.511,0
 -4.532,  6.017, -5.392,0
 -3.705,  3.942, -4.607,0
 -2.963,  2.528, -4.271,0
 -2.415,  1.389, -3.640,0
 -2.067,  0.829, -3.293,0
 -1.590, -0.046, -3.078,0
 -1.152, -0.526, -3.035,0
 -0.810, -0.654, -2.684,0
 -0.470, -0.753, -2.491,0
 -0.191, -1.059, -2.711,0
 -0.017, -1.234, -2.298,0
 -0.285, -1.652, -2.529,0
 -0.158, -1.134, -2.183,0
  0.048, -1.172, -2.104,0
  0.210, -1.278, -2.102,0
  0.178, -1.010, -2.119,0
  0.335, -1.109, -2.599,0
  0.465, -0.818, -2.376,0
  0.482, -0.850, -2.340,0
  0.600, -0.696, -2.261,0
  0.700, -0.916, -2.250,0
  0.560, -0.703, -2.053,0
  0.689, -0.899, -2.427,0
  0.791, -1.100, -2.926,0
  0.884, -0.857, -2.686,0
  0.890, -0.895, -2.471,0
  0.961, -0.917, -2.388,0
  1.033, -0.844, -2.775,0
  1.028, -0.632, -2.720,0
  1.053, -0.743, -2.535,0
  0.906, -0.692, -2.246,0
  0.952, -0.801, -2.120,0
  1.049, -0.877, -2.057,0
  0.930, -1.519, -2.029,0
  1.047, -1.214, -2.340,0
  1.092, -1.405, -3.019,0
  1.094, -1.230, -2.753,0
  1.155, -1.348, -2.642,0
  1.151, -1.008, -2.246,0
  1.223, -1.135, -2.230,0
  1.026, -0.987, -2.217,0
  0.992, -1.294, -2.354,0
  0.942, -1.175, -2.445,0
  0.997, -1.462, -2.431,0
  1.034, -0.974, -2.268,0
  1.100, -0.841, -2.303,0
  1.001, -0.951, -2.495,0
  1.029, -0.826, -2.474,0
  1.077, -0.389, -2.386,0
  0.887, -0.736, -2.246,0
  0.944, -0.936, -2.423,0
  0.912, -0.937, -2.252,0
  0.973, -1.269, -2.188,0
  0.748, -0.995, -2.029,0
  0.910, -0.779, -2.231,0
  0.905, -0.446, -2.198,0
  0.915, -0.721, -2.307,0
  0.891, -1.104, -2.236,0
  0.869, -1.014, -2.307,0
  0.776, -1.155, -2.287,0
  0.840, -1.158, -2.290,0
  0.925, -1.123, -2.256,0
  0.949, -1.083, -2.098,0
  0.843, -1.170, -2.059,0
  0.895, -1.293, -2.159,0
  1.017, -1.019, -1.995,0
  1.076, -1.105, -2.541,0
  1.118, -1.141, -2.396,0
  1.039, -1.475, -2.198,0
  0.930, -1.419, -2.064,0
  1.145, -1.443, -2.097,0
  1.169, -1.365, -2.182,0
  1.065, -1.253, -2.003,0
  0.997, -1.404, -2.136,0
  1.015, -1.103, -2.093,0
  1.069, -1.251, -2.162,0
  1.052, -1.368, -2.512,0
  1.051, -1.330, -2.313,0
  0.918, -1.300, -2.143,0
  0.961, -1.072, -2.289,0
  1.010, -0.783, -2.209,0
  1.079, -0.476, -2.637,0
  0.847, -0.464, -2.382,0
  0.920, -0.491, -2.336,0
  1.029, -0.547, -2.312,0
  1.011, -0.846, -2.505,0
  0.765, -1.002, -2.426,0
  0.831, -0.840, -2.364,0
  0.826, -1.022, -2.244,0
  0.893, -0.986, -2.470,0
  0.978, -0.628, -2.256,0
  0.696, -0.994, -2.855,0
  0.696, -1.175, -2.647,0
  0.767, -1.175, -2.287,0
  0.815, -1.330, -2.413,0
  0.663, -1.276, -2.414,0
  8.409, -1.423, -2.409,0
 12.125, -0.737, -2.937,0
 16.632,  0.208, -3.795,0
 22.824,  0.619, -6.042,0
 24.382,  0.977, -5.905,0
 23.847,  0.662, -5.756,0
 24.078, -0.280, -5.568,0
 25.343, -0.356, -5.678,0
 21.554, -1.304, -5.028,0
 16.809, -1.067, -4.651,0
 11.070, -1.294, -4.384,0
  9.225, -2.556, -4.695,0
  2.589, -2.711, -4.909,0
 -4.219, -2.824, -4.271,0
-11.083, -3.101, -3.758,0
-17.978, -3.490, -3.553,0
-24.860, -3.799, -3.255,0
-31.918, -3.522, -3.087,0
-38.894, -3.365, -2.836,0
-45.863, -3.784, -2.842,0
-52.819, -2.715, -2.736,0
-59.691, -4.419, -2.403,0
-76.363, -0.312, -3.707,0
-87.652, -0.573, -2.274,0
-96.771,  0.731,  0.619,0
-96.446,  1.006,  1.039,0
-100.088,  2.455,  0.528,0
-95.827,  2.108, -0.610,0
-89.710,  1.050, -0.887,0
-81.857,  0.539, -1.300,0
-74.677, -0.107, -0.838,0
-66.572, -0.314, -0.541,0
-58.359, -0.476, -0.911,0
-50.543,  0.206, -0.974,0
-42.874,  0.473, -0.920,0
-35.407,  0.686, -1.130,0
-29.614,  0.819, -1.088,0
-24.809,  1.276, -1.230,0
-21.075,  0.417, -1.192,0
-18.202,  0.609, -0.798,0
-15.945, -0.311, -1.539,0
-13.967,  0.012, -1.180,0
-12.502,  0.749, -0.838,0
-11.200,  0.508, -1.014,0
-10.271,  0.615, -1.054,0
 -9.556, -0.538, -1.505,0
 -8.904, -0.226, -0.962,0
 -8.471,  0.162, -0.664,0
 -7.959, -0.353, -0.694,0
 -7.614, -0.384, -0.466,1
 -7.405, -0.231, -0.913,1
 -7.127,  0.157, -0.883,1
 -6.937,  0.229, -0.727,1
 -6.672,  0.528, -0.906,1
 -6.620,  0.700, -0.825,1
 -6.728,  0.407, -1.210,1
 -6.504,  0.775, -1.051,1
 -6.249,  0.383, -1.355,1
 -6.225,  0.674, -0.792,1
 -6.209,  0.325, -0.824,1
 -6.169,  0.610, -1.518,1
 -6.261,  0.665, -1.063,1
 -6.204, -0.092, -0.915,1
 -6.128, -0.227, -0.800,1
 -6.090, -0.043, -0.744,1
 -6.187,  0.629, -0.745,1
 -6.230,  0.116, -0.899,1
 -6.119,  0.000, -1.193,1
 -6.085,  0.521, -0.769,1
 -6.231,  0.687, -0.871,1
 -6.093, -0.026, -1.860,1
 -6.134,  0.458, -1.114,1
 -6.121,  0.403, -0.771,1
 -6.019,  0.151, -1.059,1
 -6.044,  0.032, -0.815,1
 -6.228,  0.066, -1.140,1
 -6.221,  0.094, -1.055,1
 -6.203,  0.157, -1.076,1
 -6.087,  0.360, -0.998,1
 -6.119,  0.354, -1.034,1
 -5.996, -0.227, -1.459,1
 -6.013, -0.052, -1.164,1
 -6.059, -0.423, -0.866,1
 -6.045, -0.098, -0.603,1
 -5.910,  0.251, -0.689,1
 -6.187, -0.069, -0.995,1
-11.896,  0.483,  1.257,1
 -9.750,  0.035, -0.055,1
 -8.231,  0.038, -0.344,1
 -6.733, -0.230, -0.992,1
 -5.612, -0.300, -1.194,1
 -4.656, -0.256, -0.796,1
 -3.822, -0.640, -0.943,1
 -3.195, -0.748, -0.719,1
 -2.513, -0.650, -0.766,1
 -1.910, -0.934, -1.447,1
 -1.566, -0.674, -0.849,1
 -1.280, -0.414, -0.708,1
 -1.135, -0.074, -0.667,1
 -0.762, -0.096, -1.267,1
 -0.611, -0.370, -1.083,1
 -0.571, -0.442, -0.742,1
 -0.517, -0.411, -0.734,1
 -0.295,  0.009, -0.731,1
 -0.152,  0.077, -0.681,1
  0.046, -0.177, -1.042,1
  0.118, -0.325, -0.900,1
  0.215, -0.318, -0.914,1
  0.247, -0.286, -0.747,1
  0.274,  0.175, -0.912,1
  0.422, -0.005, -0.855,1
  0.491,  0.178, -0.907,1
  0.331, -0.461, -0.713,1
  0.382, -0.191, -0.613,1
  0.464,  0.421, -0.622,1
  0.434,  0.018, -0.776,1
  0.481, -0.203, -0.663,1
  0.343, -0.495, -1.191,1
  0.303, -0.629, -0.856,1
  0.421, -0.187, -0.928,1
  0.381, -0.423, -0.727,1
  0.276, -0.373, -0.674,1
  0.208, -1.028, -1.423,1
  0.204, -0.841, -0.762,1
  0.285, -1.344, -0.764,1
  0.355, -1.136, -0.742,1
  0.421, -0.631, -0.614,1
  0.237, -0.535, -0.724,1
  0.170, -0.109, -0.575,1
  0.349, -0.051, -0.766,1
  0.471, -0.186, -0.746,1
  0.501, -0.211, -0.963,1
  5.684, -1.851, -0.853,1
 13.896, -0.950, -1.304,1
 21.844, -0.387, -3.296,1
 29.527, -0.245, -5.222,1
 37.135, -0.015, -6.291,1
 41.440, -0.872, -8.231,1
 42.624, -0.861, -9.111,1
 37.179, -1.339, -9.147,1
 32.182, -2.494, -7.799,1
 26.588, -4.516, -5.267,1
 20.662, -4.437, -5.266,1
 14.478, -4.322, -5.155,1
  7.638, -4.316, -5.007,1
  1.043, -4.277, -4.978,1
 -5.583, -4.886, -4.843,1
-12.443, -5.819, -4.759,1
-19.356, -6.896, -4.512,1
-26.288, -6.555, -4.184,1
-33.472, -6.091, -3.858,1
-41.012, -5.029, -3.662,1
-48.007, -5.973, -3.296,1
-55.117, -5.857, -2.859,1
-61.850, -6.138, -2.277,1
-68.131, -5.073, -2.133,1
-73.579, -6.530, -1.300,1
-76.955, -4.285, -1.583,1
-78.971, -8.788,  0.008,1
-79.674, -3.909, -1.467,1
-81.101, -6.523, -0.351,1
-82.410, -5.060, -0.695,1
-82.165, -5.567, -0.731,1
-82.124, -4.805, -0.935,1
-81.721, -4.991, -0.805,1
-81.754, -4.180, -1.218,1
-82.181, -7.289, -0.163,1
-81.188, -2.907, -1.454,1
-81.702, -7.803,  0.046,1
-82.860, -7.258,  0.012,1
-82.335, -5.580, -0.609,1
-82.181, -5.085, -0.873,1
-82.423, -5.780, -0.388,1
-82.741, -5.292, -0.623,1
-82.612, -9.088,  0.807,1
-81.822, -3.643, -1.054,1
-82.161, -7.492, -0.014,1
-81.650, -4.205, -1.214,1
-81.718, -6.653, -0.264,1
-80.903, -4.443, -1.362,1
-81.707, -7.904, -0.001,1
-81.489, -4.117, -1.242,1
-82.045, -7.027,  0.104,1
-81.545, -3.902, -1.257,1
-81.639, -7.414,  0.021,1
-81.075, -3.023, -1.533,1
-81.603, -8.727,  0.511,1
-81.304, -5.649, -0.662,1
-81.766, -5.142, -0.869,1
-81.212, -3.728, -1.196,1
-81.334, -8.752,  0.155,1
-80.909, -3.933, -1.256,1
-81.604, -4.971, -0.609,1
-82.279, -4.665, -0.921,1
-82.266, -6.897, -0.283,1
-82.050, -7.602,  0.140,1
-81.736, -4.678, -1.085,1
-81.874, -4.266, -0.868,1
-86.039, -4.086,  0.852,1
-93.281, -1.223,  1.522,1
-98.948, -0.068,  2.360,1
-101.970,  0.872,  2.657,1
-100.915,  1.286,  1.802,1
-99.846,  0.757,  1.563,1
-99.733,  0.458,  1.769,1
-97.077,  0.066,  1.960,1
-91.647, -0.315,  1.590,1
-86.356, -0.097,  1.020,1
-79.395, -0.625,  0.948,1
-71.270, -0.798,  0.303,1
-63.092, -0.478, -0.010,1
-55.046,  0.304, -0.739,1
-47.097, -0.123, -1.007,1
-39.371, -0.103, -0.919,1
-32.879,  0.566, -1.270,1
-27.588,  0.099, -1.878,1
-23.270,  0.654, -1.594,1
-19.894,  0.241, -1.901,1
-17.472,  0.994, -1.270,1
-15.198,  0.549, -1.226,1
-13.420,  0.942, -1.085,1
-12.000,  0.480, -1.512,1
-11.440,  0.006, -1.886,1
-10.470,  0.419, -1.222,1
 -9.885,  0.502, -1.062,1
 -9.108, -0.113, -1.097,1
 -8.630,  0.394, -0.982,1
 -8.281, -0.194, -1.588,1
 -7.833, -0.117, -1.495,1
 -7.569,  0.279, -0.948,1
 -7.417,  0.050, -1.012,1
 -7.202,  0.057, -1.180,1
 -6.943,  0.134, -1.078,1
 -6.828,  0.301, -0.939,1
 -7.208,  0.010, -1.181,1
 -7.124,  0.202, -0.997,1
 -6.999, -0.026, -0.999,1
 -6.908, -0.139, -0.930,1
 -6.829, -0.096, -0.765,1
 -6.671,  0.159, -1.034,1
 -6.618,  0.159, -1.041,1
 -6.667, -0.031, -1.206,1
 -6.594,  0.006, -1.080,1
 -6.698, -0.106, -1.003,1
 -6.700, -0.334, -1.608,1
 -6.660,  0.057, -1.208,1
 -6.633, -0.159, -1.080,1
 -6.591, -0.113, -1.152,1
 -6.459, -0.067, -1.250,1
 -6.437, -0.262, -1.438,1
 -6.652, -0.158, -1.209,1
 -6.586,  0.327, -1.158,1
 -6.642,  0.301, -1.039,1
 -6.429, -0.028, -1.722,1
 -6.366, -0.322, -1.936,1
 -6.342, -0.220, -1.300,1
 -6.190,  0.268, -1.611,1
 -6.268, -0.072, -1.149,1
 -6.176,  0.338, -1.136,1
 -6.154,  0.173, -1.250,1
 -6.188, -0.017, -1.269,1
 -6.367, -0.218, -1.823,1
 -6.453,  0.164, -1.163,1
 -7.726,  0.337, -0.916,1
 -7.598,  0.064, -0.829,1
 -7.983, -0.379, -0.778,1
 -7.106, -0.583, -1.469,1
 -6.364,  0.023, -1.195,1
 -5.779,  0.024, -1.147,1
 -5.168,  0.009, -1.180,1
 -4.697, -0.444, -1.220,1
 -4.616,  0.269, -1.130,1
 -4.170, -0.120, -1.474,1
 -3.900,  0.156, -1.263,1
 -3.566, -0.217, -1.464,1
 -3.792, -0.308, -1.125,1
 -3.464, -0.683, -1.705,1
 -3.384, -0.492, -1.417,1
 -3.249, -0.678, -1.358,1
 -3.050, -0.123, -1.158,1
 -2.906, -0.000, -1.092,1
 -2.893, -0.019, -1.205,1
 -2.777, -0.112, -1.219,1
 -2.616, -0.558, -1.625,1
 -2.619, -0.037, -1.209,1
 -2.869, -0.793, -1.558,1
 -2.802, -0.608, -1.120,1
 -2.828, -0.386, -0.905,1
 -2.571, -0.314, -1.586,1
 -2.568,  0.141, -1.425,1
 -2.275,  0.122, -1.426,1
 -2.071, -0.182, -1.284,1
 -1.726, -0.299, -1.391,1
 -1.549, -0.182, -1.379,1
 -1.270, -0.074, -1.165,1
 -1.098, -0.567, -1.122,1
 -0.888, -0.493, -1.021,1
 -0.725, -0.074, -1.142,1
 -0.576,  0.299, -1.351,1
 -0.523, -0.042, -1.257,1
 -0.625, -0.172, -1.019,1
 -0.504, -0.214, -0.977,1
 -0.379, -0.559, -1.005,1
 -0.302, -0.355, -1.019,1
 -0.431, -0.525, -1.050,1
 -0.372, -0.097, -1.179,1
 -0.352, -0.205, -1.109,1
 -0.208, -0.916, -1.435,1
 -0.220, -0.383, -1.291,1
 -0.213, -0.399, -1.103,1
 -0.305, -0.703, -1.611,1
 -0.397, -0.551, -1.115,1
 -0.401,  0.110, -1.143,1
 -0.301,  0.227, -1.221,1
 -0.272,  0.115, -1.274,1
 -0.210, -0.786, -1.644,1
 -0.172, -0.589, -1.419,1
 -0.245, -0.611, -1.396,1
 -0.188, -0.485, -1.142,1
 -0.096, -0.686, -1.177,1
  0.002, -0.345, -1.467,1
  0.043, -0.179, -1.383,1
 -0.073, -0.256, -1.895,1
 -0.059, -0.421, -1.567,1
 -0.019,  0.154, -1.484,1
  0.008,  0.022, -1.459,1
 -0.118,  0.158, -1.378,1
 -0.101, -0.517, -1.997,1
 -0.059, -0.402, -1.780,1
 -0.112, -0.350, -1.299,1
 -0.116, -0.373, -1.299,1
 -0.083, -0.160, -1.277,1
 -0.250,  0.174, -1.086,1
 -0.169,  0.165, -1.142,1
 -0.053,  0.572, -1.240,1
  0.008,  0.312, -1.444,1
  0.020, -0.349, -1.472,1
 -0.078, -1.055, -1.683,1
 -0.097, -0.835, -1.334,1
 -0.237, -1.409, -1.132,1
 -0.248, -0.754, -0.981,1
 -0.269, -0.841, -0.878,1
 -0.195, -0.466, -1.170,1
 -0.123, -0.797, -1.442,1
 -0.111, -0.426, -1.779,1
 -0.086, -0.656, -1.628,1
 -0.063, -0.784, -1.384,1
 -0.068, -0.792, -1.109,1
  0.045, -0.841, -1.587,1
 -0.062, -1.119, -1.691,1
 -0.056, -1.508, -1.467,1
  0.009, -1.059, -1.061,1
 -0.030, -0.917, -1.105,1
  0.022, -0.773, -1.316,1
 -0.015, -0.430, -1.072,1
 -0.224, -0.945, -1.376,1
 -0.291, -0.718, -1.395,1
 -0.195, -0.986, -1.179,1
 -0.183, -1.076, -1.175,1
 -0.059, -0.723, -1.307,1
 -0.032, -0.622, -1.527,1
  0.008, -0.822, -1.431,1
 -0.146, -0.805, -1.135,1
 -0.092, -0.404, -1.104,1
 -0.111, -0.502, -1.204,1
 -0.232, -0.391, -1.318,1
 -0.143, -0.605, -1.478,1
 -0.149, -0.618, -1.288,1
 -0.096, -0.632, -1.315,1
 -0.201, -0.657, -1.049,1
 -0.179, -0.959, -0.957,1
 -0.174, -0.778, -0.780,1
 -0.542, -0.668, -1.241,1
 -0.372, -0.755, -1.459,1
 -0.291, -0.367, -1.202,1
 -0.198, -0.621, -1.098,1
 -0.270, -0.757, -1.095,1
 -0.352, -0.706, -1.392,1
 -0.227, -0.436, -1.099,1
 -0.435, -0.900, -1.052,1
 -0.426, -0.667, -0.911,1
 -0.424, -0.749, -0.966,1
 -0.492, -1.079, -1.175,1
 -0.487, -0.718, -0.929,1
 -0.454, -1.238, -1.034,1
 -0.336, -0.591, -1.187,1
 -0.179, -0.016, -1.250,1
 -0.093,  0.254, -1.403,1
 -0.086,  0.220, -1.533,1
 -0.040,  0.108, -1.374,1
 -0.017,  0.230, -1.435,1
 -0.029, -0.292, -1.374,1
 -0.042, -0.275, -1.145,1
 -0.019, -0.004, -1.436,1
  0.038, -0.014, -1.467,1
  0.141,  0.296, -1.455,1
  0.096, -0.021, -1.615,1
  0.192,  0.439, -1.638,1
  0.024,  0.649, -1.424,1
  0.155,  0.780, -1.803,1
  6.499,  2.840,-12.242,1
  3.246,  0.617, -8.084,1
 -1.878,  2.784, -4.935,1
 -5.981,  5.827,  1.401,1
 -8.714,  0.414,  5.873,1
-10.677, -3.569,  9.777,1
-11.197, -4.684, 10.501,1
-11.140, -6.371, 12.182,1
-10.303, -8.053, 10.187,1
-10.230,-10.315,  7.723,1
-10.625,-12.278,  6.452,1
-16.072,-10.941, 11.830,1
-13.649,-11.015,  8.049,1
-11.587,-10.137,  3.186,1
-11.521, -8.216,  0.475,1
-10.558, -7.863, -2.334,1
 -8.968, -5.755, -2.814,1
 -6.431, -5.153, -4.491,1
 -5.028, -4.603, -4.535,1
 -4.184, -2.943, -4.613,1
 -3.734, -1.938, -3.630,1
 -3.317, -1.335, -3.333,1
 -2.749, -1.295, -3.349,1
 -2.312, -1.623, -3.256,1
 -1.949, -1.734, -2.824,1
 -1.554, -1.437, -2.870,1
 -1.516, -1.350, -2.643,1
 -1.134, -0.933, -2.722,1
 -0.959, -1.418, -2.623,1
 -0.739, -0.950, -2.743,1
 -0.767, -0.755, -2.560,1
 -0.546, -0.976, -2.759,1
 -0.551, -0.879, -2.800,1
 -0.472, -0.774, -2.808,1
 -0.228, -1.844, -3.468,1
 17.735, -1.111, -3.757,1
 37.564,  0.708, -7.767,1
 44.746,  0.153, -8.797,1
 41.815, -0.337, -9.513,1
 46.621,  0.197,-10.623,1
 45.651, -1.148,-10.824,1
 39.943, -4.166, -9.246,1
 33.734, -5.368, -9.123,1
 27.445, -5.799, -9.284,1
 20.787, -7.408, -8.300,1
 14.889, -7.946, -8.664,1
  8.166, -8.105, -8.894,1
  1.341, -8.834, -8.826,1
 -5.751, -8.789, -8.700,1
-12.861, -9.769, -8.137,1
-19.909,-10.927, -7.742,1
-26.909,-11.695, -7.225,1
-33.933,-11.358, -6.371,1
-40.808,-11.431, -5.615,1
-47.509,-11.821, -4.703,1
-53.719,-11.864, -3.753,1
-59.369,-11.859, -2.884,1
-64.289,-11.914, -2.114,1
-68.232,-12.166, -1.265,1
-71.078,-11.529, -0.877,1
-73.303,-10.823, -0.596,1
-74.674,-13.672,  0.127,1
-75.430,-11.260, -0.146,1
-76.443,-11.623,  0.140,1
-76.938,-11.307,  0.227,1
-77.372,-12.011,  0.508,1
-77.354,-10.547,  0.193,1
-77.605,-12.864,  0.784,1
-77.741,-11.088,  0.238,1
-77.627,-11.405,  0.401,1
-77.678,-11.762,  0.461,1
-77.572,-10.883,  0.229,1
-76.661,-11.536, -0.077,1
-76.894, -9.243, -0.379,1
-77.593,-11.599,  0.363,1
-77.121,-10.481,  0.015,1
-77.469,-11.517,  0.391,1
-77.884,-13.023,  0.874,1
-77.792,-10.417,  0.141,1
-78.191,-11.612,  0.519,1
-77.769, -9.522, -0.021,1
-77.685,-11.240,  0.215,1
-77.642,-11.352,  0.248,1
-77.984,-11.502,  1.017,1
-77.993,-10.851,  0.453,1
-77.944,-13.042,  0.894,1
-78.093,-12.363,  0.645,1
-77.644,-10.222, -0.045,1
-77.684,-12.964,  0.776,1
-77.551,-10.788,  0.130,1
-77.712,-12.246,  0.586,1
-78.390,-10.623,  0.275,1
-78.136,-11.583,  0.431,1
-77.661, -9.171, -0.177,1
-77.947,-13.464,  0.951,1
-77.811,-10.763,  0.201,1
-77.772,-11.351,  0.324,1
-77.375,-10.448, -0.008,1
-77.692,-11.783,  0.397,1
-77.749,-10.724,  0.151,1
-77.925,-11.161,  0.308,1
-78.118,-11.264,  0.404,1
-77.997,-13.104,  0.830,1
-77.764,-11.777,  0.503,1
-77.404,-12.056,  0.489,1
-77.373,-10.583,  0.030,1
-82.588,-14.804,  4.600,1
-78.443,-13.225, -2.079,1
-87.761,-12.824,  0.259,1
-87.805, -6.149,  0.187,1
-87.752,  3.122, -1.111,1
-86.721,  4.389,  3.491,1
-83.924,  1.258,  2.471,1
-83.442,  6.782,  3.664,1
-75.822,  6.212,  5.684,1
-70.374,  1.725,  8.676,1
-67.335,  5.976,  7.653,1
-64.221,  3.488, 11.785,1
-59.951,  5.353, 18.125,1
-52.987,  2.969, 11.297,1
-50.741, -3.361,  7.385,1
-50.759,  3.121,  5.569,1
-56.485, -1.522,  7.383,1
-55.028,  2.091, 12.358,1
-49.737,  0.245, 11.478,1
-46.613,  1.402, 11.516,1
-46.034,  1.168,  6.208,1
-43.394,  3.304,  7.961,1
-42.925, -2.156,  9.516,1
-42.761,  1.905,  9.017,1
-41.182,  0.294,  6.030,1
-40.765,  0.265,  9.216,1
-40.390, -1.441, 10.610,1
-38.458, -1.330, 10.904,1
-32.622, -1.801,  9.587,1
-30.798, -0.251,  7.679,1
-29.254,  0.277,  8.193,1
-36.123,  5.744, 21.015,1
-39.461,  4.306, 16.190,1
-35.166,  0.319, 12.518,1
-35.672,  3.749,  6.981,1
-31.690,  3.282,  3.011,1
-30.128,  6.789,  2.057,1
-27.721,  6.505,  1.851,1
-23.712,  5.560,  1.866,1
-20.628,  4.761,  2.134,1
-18.261,  4.859,  2.386,1
-16.379,  5.644,  2.424,1
-15.070,  4.247,  2.235,1
-13.941,  4.292,  2.921,1
-13.139,  3.263,  3.158,1
-12.425,  3.827,  3.003,1
-11.879,  4.207,  2.977,1
-11.451,  3.399,  3.024,1
-11.091,  3.190,  3.103,1
-10.892,  3.324,  2.810,1
 -9.724,  3.179,  2.954,1
-10.066,  2.176,  4.290,1
-11.224,  2.814,  4.666,1
-11.448,  3.263,  4.161,1
-11.324,  2.716,  3.531,1
-13.235,  3.038,  4.104,1
-12.987,  2.836,  4.248,1
-12.294,  2.939,  3.845,1
-12.313,  3.587,  3.771,1
-10.952,  2.428,  3.364,1
-12.558,  2.475,  3.150,1
-11.421,  2.983,  2.869,1
 -9.551,  2.326,  3.908,1
 -7.894,  2.747,  3.733,1
 -2.440,  1.957,  3.172,1
 -0.075,  2.551,  3.559,1
 -0.822,  2.020,  4.192,1
 -2.257,  2.573,  4.188,1
 -3.138,  2.379,  4.437,1
 -4.128,  1.532,  4.221,1
 -4.737,  2.663,  3.626,1
 -5.236,  3.263,  3.141,1
 -5.944,  3.813,  3.757,1
 -6.294,  3.729,  3.614,1
 -6.539,  4.074,  3.802,1
 -6.973,  3.410,  3.793,1
 -7.163,  3.928,  3.903,1
 -7.317,  3.545,  3.882,1
 -7.682,  3.641,  3.620,1
 -7.684,  3.909,  3.557,1
 -7.847,  3.383,  3.771,1
 -7.936,  3.687,  3.674,1
 -7.932,  3.937,  3.687,1
 -8.206,  3.494,  3.784,1
 -8.130,  3.757,  3.634,1
 -8.177,  3.446,  3.736,1
 -8.070,  3.870,  3.842,1
 -8.134,  4.322,  3.574,1
 -8.160,  3.503,  3.674,1
 -8.103,  3.857,  3.731,1
 -7.484,  3.631,  3.394,1
 -7.594,  3.844,  3.817,1
 -7.679,  4.391,  3.577,1
 -7.889,  2.664,  4.149,1
 -7.361,  2.168,  4.320,1
 -7.746,  2.484,  4.503,1
 -6.487,  2.703,  3.507,1
 -6.589,  2.677,  3.695,1
 -5.717,  2.762,  2.606,1
 -2.938,  3.282,  1.805,1
  1.404,  3.447,  1.365,1
  3.550,  3.016,  1.001,1
  1.834,  3.645,  1.099,1
  2.635,  3.560,  0.862,1
  4.465,  3.374, -0.032,1
  5.421,  2.349, -1.382,1
  5.843,  1.450, -2.599,1
  7.446,  0.504, -4.120,1
  7.046, -0.290, -5.153,1
  4.599, -1.465, -5.509,1
 -0.814, -2.640, -5.211,1
 -4.689, -2.979, -5.039,1
 -9.166, -3.493, -4.580,1
-15.674, -3.989, -4.408,1
-22.393, -4.281, -3.987,1
-29.536, -4.321, -3.664,1
-36.559, -4.480, -3.173,1
-43.716, -3.933, -2.818,1
-50.950, -5.208, -1.859,1
-57.417, -4.218, -2.298,1
-64.384, -4.269, -2.095,1
-71.229, -3.907, -2.166,1
-77.206, -4.076, -0.857,1
-82.166, -4.598, -4.216,1
-87.826, -4.605, -2.375,1
-92.598, -3.795, -1.043,1
-96.316, -2.835, -1.016,1
-99.475, -3.139, -0.243,1
-101.864, -2.827, -0.277,1
-103.627, -2.537, -0.366,1
-104.710, -4.126,  1.432,1
-105.586, -3.048,  0.083,1
-106.629, -2.767, -0.089,1
-107.221, -2.513, -0.189,1
-108.122, -2.767, -0.079,1
-108.625, -2.123,  0.158,1
-108.936, -1.757,  0.113,1
-108.748, -2.447,  0.492,1
-108.889, -1.985,  0.076,1
-109.541, -2.408,  0.430,1
-109.293, -1.823, -0.141,1
-109.254, -3.095,  0.977,1
-109.133, -2.230,  0.240,1
-108.606, -2.215, -0.622,1
-109.040, -2.588, -0.338,1
-110.565, -1.894, -0.763,1
-116.739, -0.032, -1.168,1
-104.873, -0.639, -0.866,1
-100.174,  0.742, -2.336,1
-94.842, -1.616, -4.549,1
-92.125, -1.445, -2.607,1
-91.596, -0.694, -2.668,1
-91.331, -0.449, -2.379,1
-92.384, -5.188,  0.062,1
-92.163, -1.037, -2.171,1
-92.395,  0.765, -2.965,1
-92.977, -3.284, -1.034,1
-92.682,  0.069, -2.703,1
-92.140,  0.272, -2.383,1
-92.257, -1.078, -2.005,1
-92.496, -1.062, -2.177,1
-92.553, -0.227, -2.401,1
-93.030, -3.959, -0.702,1
-92.486, -1.084, -2.448,1
-92.487,  0.435, -2.516,1
-92.415, -3.546, -0.206,1
-92.515, -0.856, -2.283,1
-92.639, -0.466, -2.435,1
-92.671,  0.168, -2.358,1
-93.156, -2.745, -1.325,1
-93.080, -3.299, -0.373,1
-92.268,  0.671, -2.791,1
-91.994, -2.702, -1.701,1
-92.190,  0.184, -2.776,1
-92.831, -1.191, -1.514,1
-92.493, -1.042, -1.451,1
-92.155, -0.380, -2.478,1
-92.350, -1.943, -1.769,1
-92.881, -0.419, -2.543,1
-92.623, -2.483, -1.585,1
-92.631, -0.228, -2.509,1
-92.186, -2.408, -1.558,1
-92.850, -1.865, -1.361,1
-92.529,  0.462, -2.751,1
-92.581, -2.815, -1.450,1
-92.205, -0.817, -2.395,1
-92.239, -1.930, -2.093,1
-92.925, -1.613, -2.227,1
-92.474,  0.297, -2.830,1
-92.728, -3.266, -0.840,1
-92.389,  0.370, -2.705,1
-92.523, -2.423, -1.136,1
-92.296,  0.007, -2.653,1
-92.525, -0.725, -2.101,1
-92.895, -2.941, -1.098,1
-92.360, -0.294, -2.699,1
-92.974, -2.808, -1.323,1
-92.639, -0.372, -2.725,1
-93.185, -2.573, -0.834,1
-93.229,  0.071, -2.015,1
-92.405, -1.173, -2.085,1
-91.829,  1.393, -3.073,1
-92.149, -2.479, -1.166,1
-91.883,  1.592, -2.977,1
-92.538, -1.888, -0.903,1
-91.928,  0.559, -2.959,1
-92.188, -1.112, -1.815,1
-92.264, -0.324, -2.367,1
-92.317, -2.349, -1.098,1
-91.832,  1.356, -3.152,1
-92.309, -2.717, -1.094,1
-92.014, -2.981, -1.527,1
-92.272,  0.257, -2.591,1
-92.623, -1.610, -1.608,1
-92.807, -1.249, -1.772,1
-92.620,  0.284, -2.722,1
-92.546, -4.256, -0.577,1
-91.701,  0.055, -2.916,1
-92.751, -3.706, -0.909,1
-92.356,  0.709, -3.054,1
-92.736, -0.566, -1.694,1
-92.225, -1.221, -2.175,1
-92.230,  0.194, -2.583,1
-93.479, -2.863, -0.977,1
-92.678, -0.181, -2.266,1
-92.592, -0.222, -2.323,1
-93.173, -1.451, -1.507,1
-93.104, -2.474, -1.385,1
-93.108, -2.211, -1.424,1
-92.532,  0.717, -2.990,1
-92.329, -0.477, -1.631,1
-92.611, -1.676, -1.366,1
-92.442, -0.056, -2.712,1
-91.998, -1.924, -1.568,1
-92.057, -1.545, -1.669,1
-92.445,  0.741, -2.808,1
-92.642, -1.426, -1.228,1
-92.565,  1.555, -2.932,1
-92.893, -3.011, -0.712,1
-92.522, -0.128, -2.481,1
-92.169, -2.598, -1.253,1
-91.975, -1.097, -2.486,1
-91.688,  0.001, -2.596,1
-92.096, -1.323, -1.870,1
-92.510, -3.042, -0.929,1
-92.215, -1.042, -2.063,1
-92.609, -1.220, -2.110,1
-92.372, -0.085, -2.487,1
-93.109, -2.898, -0.843,1
-92.680,  0.223, -2.677,1
-92.961, -0.949, -1.672,1
-92.870, -0.280, -2.234,1
-92.604, -4.019, -0.236,1
-92.154,  0.049, -2.618,1
-92.316, -1.540, -1.727,1
-92.370, -1.918, -2.198,1
-92.268, -0.924, -2.216,1
-92.046,  1.028, -2.737,1
-92.264, -2.646, -1.414,1
-92.072, -2.798, -1.452,1
-91.933,  1.112, -3.063,1
-92.591, -2.245, -1.097,1
-92.640, -0.328, -2.367,1
-92.197, -3.917, -0.967,1
-92.523, -0.289, -2.857,1
-91.883,  1.114, -2.825,1
-92.439, -1.293, -1.496,1
-92.473,  1.381, -2.738,1
-92.287, -3.680, -0.372,1
-91.773,  0.710, -2.868,1
-92.356, -0.697, -2.091,1
-92.433, -0.709, -2.078,1
-92.887, -4.047, -0.659,1
-92.362, -0.126, -2.855,1
-92.505, -1.720, -1.968,1
-92.542, -3.867, -0.468,1
-91.988,  0.163, -2.824,1
-92.794, -0.742, -1.681,1
-92.684, -0.804, -1.703,1
-92.840, -1.330, -1.755,1
-92.554, -3.088, -0.836,1
-92.294, -0.160, -2.407,1
-92.566, -0.704, -2.065,1
-92.403, -0.626, -1.882,1
-92.551, -0.978, -2.212,1
-92.267, -0.098, -2.573,1
-92.496, -1.835, -1.804,1
-93.303, -2.827, -0.542,1
-92.679, -0.159, -2.648,1
-93.272, -1.410, -1.441,1
-92.948, -3.431, -0.941,1
-92.575,  0.684, -2.758,1
-93.242, -1.572, -1.625,1
-93.462, -0.866, -2.263,1
-93.211,  0.370, -2.252,1
-93.115, -2.011, -1.566,1
-92.102,  0.668, -2.959,1
-93.026, -2.641, -1.051,1
-92.661, -1.077, -2.185,1
-92.961, -4.270, -0.377,1
-92.145,  0.077, -2.724,1
-92.481, -0.876, -1.795,1
-92.591,  0.154, -2.529,1
-92.669, -1.862, -1.227,1
-91.601, -0.698, -2.193,1
-92.004, -0.501, -2.376,1
-92.750, -1.418, -1.448,1
-92.838, -1.570, -2.033,1
-92.614,  0.836, -2.488,1
-93.292, -2.138, -0.952,1
-92.669, -1.316, -1.937,1
-92.570, -0.283, -2.332,1
-92.498, -0.052, -2.506,1
-91.878, -1.230, -2.062,1
-92.160, -0.049, -2.415,1
-92.500, -1.035, -2.072,1
-93.170, -1.431, -1.848,1
-92.764,  0.504, -2.623,1
-92.632, -1.935, -1.553,1
-92.479,  0.104, -2.792,1
-92.626, -2.130, -1.427,1
-92.987,  0.560, -2.524,1
-92.872, -2.128, -1.531,1
-92.760, -0.463, -2.159,1
-93.029, -0.964, -1.927,1
-93.402, -1.025, -1.782,1
-92.466, -3.918, -0.778,1
-92.413,  0.245, -2.786,1
-93.229, -3.500, -0.341,1
-92.386, -1.384, -1.992,1
-92.333, -0.422, -2.520,1
-92.589, -0.629, -2.065,1
-92.528, -2.724, -0.669,1
-92.910, -0.628, -2.035,1
-92.838, -0.160, -2.282,1
-93.338,  0.843, -2.506,1
-93.441, -1.660, -1.136,1
-92.961,  1.520, -2.892,1
-93.685, -1.851, -1.079,1
-93.402, -0.008, -2.586,1
-93.091, -0.767, -1.890,1
-93.469, -1.037, -2.157,1
-92.734, -1.553, -1.452,1
-92.228,  0.958, -3.053,1
-92.376, -2.827, -1.176,1
-91.808,  0.515, -2.847,1
-92.158, -3.131, -1.107,1
-91.430,  0.927, -2.896,1
-91.965, -2.802, -1.261,1
-91.795,  0.809, -2.742,1
-92.196, -3.741, -0.439,1
-92.031, -1.412, -2.194,1
-92.125, -1.072, -2.257,1
-92.459, -0.316, -2.462,1
-92.903, -0.656, -1.953,1
-92.827, -0.796, -1.868,1
-92.819, -1.287, -1.992,1
-91.825, -1.407, -1.604,1
-92.282, -1.011, -1.819,1
-92.218, -1.968, -2.067,1
-92.422, -0.534, -2.359,1
-92.934, -0.609, -2.058,1
-93.211, -3.146, -1.144,1
-92.791, -1.817, -1.938,1
-91.999, -0.175, -2.613,1
-92.858, -2.692, -1.292,1
-93.086,  0.091, -2.414,1
-93.173, -0.830, -2.142,1
-92.649,  0.234, -2.486,1
-90.948, -2.812, -1.298,1
-90.865,  1.196, -3.241,1
-91.658, -1.565, -1.617,1
-92.002,  0.449, -2.763,1
-91.741, -0.595, -1.893,1
-92.034, -2.768, -1.417,1
-91.662,  1.268, -3.215,1
-92.282, -2.462, -0.727,1
-91.926, -0.366, -2.612,1
-92.385, -0.815, -2.172,1
-92.295, -2.189, -1.225,1
-92.456,  0.330, -2.582,1
-92.262, -3.673, -1.201,1
-92.219, -1.300, -2.246,1
-92.696, -0.667, -2.429,1
-92.633, -1.323, -1.860,1
-92.954, -2.890, -1.237,1
-92.883, -1.916, -1.645,1
-92.311, -0.400, -2.752,1
-92.780, -0.216, -2.375,1
-92.756, -1.188, -1.762,1
-92.819, -1.886, -1.835,1
-92.905, -0.531, -2.221,1
-92.682, -0.326, -2.499,1
-92.379, -2.388, -1.505,1
-92.601, -0.042, -2.696,1
-92.590, -0.703, -2.137,1
-92.560, -0.013, -2.496,1
-92.338, -0.706, -1.752,1
-93.427, -0.479, -2.216,1
-92.938, -1.092, -2.186,1
-92.841, -1.203, -2.119,1
-92.910, -3.153, -0.891,1
-91.949,  0.671, -3.119,1
-92.085, -1.998, -1.778,1
-92.020,  1.197, -3.055,1
-92.764, -4.344, -0.014,1
-92.346, -0.132, -2.197,1
-92.361,  0.595, -2.642,1
-92.565,  0.258, -2.270,1
-91.743, -1.152, -2.089,1
-91.103, -0.189, -2.691,1
-92.045, -0.290, -2.131,1
-92.556, -2.493, -1.686,1
-92.181,  0.609, -3.054,1
-92.428, -1.883, -1.606,1
-92.544, -2.023, -1.625,1
-92.721, -2.460, -1.381,1
-92.487,  1.233, -2.811,1
-92.837, -2.093, -1.073,1
-92.261,  0.456, -2.786,1
-92.278, -1.853, -1.781,1
-92.268, -0.544, -2.366,1
-92.815, -4.253, -0.215,1
-92.203,  0.028, -2.493,1
-92.868, -2.528, -1.286,1
-92.543,  0.514, -2.745,1
-93.105, -2.135, -1.363,1
-92.707, -1.619, -2.457,1
-92.491, -0.687, -2.568,1
-91.939,  0.564, -2.896,1
-92.452, -1.833, -1.731,1
-92.146,  0.083, -2.798,1
-91.834, -1.220, -1.417,1
-92.320, -0.892, -2.176,1
-91.930, -2.257, -0.961,1
-92.295, -2.166, -1.548,1
-92.417,  0.008, -2.600,1
-92.889, -0.864, -1.983,1
-92.671, -2.260, -1.522,1
-92.845, -0.022, -2.470,1
-92.423, -0.840, -2.122,1
-92.177,  0.934, -2.691,1
-92.717, -2.213, -1.328,1
-92.620,  0.027, -2.749,1
-92.915, -2.386, -1.198,1
-92.262, -0.192, -2.616,1
-92.021, -3.253, -0.748,1
-91.969,  0.840, -2.845,1
-92.094, -2.102, -1.539,1
-91.930, -0.554, -2.531,1
-92.125, -1.292, -1.717,1
-91.406, -1.553, -1.913,1
-91.826, -0.223, -2.503,1
-92.605, -1.784, -1.539,1
-92.786, -0.795, -2.120,1
-92.363,  1.277, -2.817,1
-92.651, -3.199, -1.097,1
-92.973,  0.243, -2.748,1
-92.830, -2.003, -1.789,1
-92.530, -0.647, -2.475,1
-92.880, -1.388, -1.862,1
-92.805, -0.773, -1.892,1
-92.749, -0.800, -2.039,1
-92.701, -2.180, -1.588,1
-93.335, -1.119, -2.352,1
-92.894, -1.792, -1.815,1
-93.099, -1.389, -2.250,1
-92.710,  0.239, -2.815,1
-93.168, -2.701, -0.998,1
-92.634,  0.752, -2.963,1
-92.135, -1.416, -1.891,1
-91.829,  0.163, -2.511,1
-92.141, -2.650, -1.275,1
-91.838,  0.604, -3.088,1
-92.377, -0.705, -1.966,1
-92.702, -3.531, -0.642,1
-92.196, -0.755, -2.219,1
-92.397, -0.790, -2.490,1
-92.801, -1.304, -1.874,1
-92.489, -1.282, -2.104,1
-91.700,  0.207, -2.866,1
-92.817, -0.907, -1.629,1
-92.504, -1.316, -2.184,1
-92.528, -0.593, -2.205,1
-92.654, -3.437, -1.286,1
-92.612, -0.004, -3.035,1
-92.975, -1.520, -1.439,1
-92.900, -5.508,  0.247,1
-92.214, -0.159, -2.409,1
-92.791, -2.550, -0.929,1
-92.844, -1.163, -2.225,1
-93.066, -0.278, -2.333,1
-93.126,  0.150, -1.957,1
-92.735, -1.147, -1.972,1
-92.398, -0.284, -2.345,1
-92.913, -2.189, -1.440,1
-92.623, -1.295, -2.511,1
-92.714, -1.490, -1.709,1
-93.032, -0.479, -2.023,1
-92.745,  0.078, -2.456,1
-93.077, -1.678, -1.821,1
-92.679, -0.643, -2.561,1
-93.018, -1.310, -1.880,1
-92.632, -1.782, -2.051,1
-92.405, -3.428, -0.374,1
-92.190, -0.322, -2.620,1
-91.629,  0.962, -2.642,1
-92.434, -1.771, -1.551,1
-92.493, -0.742, -2.012,1
-92.609, -4.407, -0.487,1
-92.340, -0.256, -2.545,1
-92.685, -0.920, -1.790,1
-92.888, -0.474, -2.252,1
-92.983, -0.843, -2.297,1
-93.217, -2.104, -1.230,1
-92.912, -1.083, -2.453,1
-93.576, -4.655,  0.015,1
-92.901, -0.212, -2.381,1
-93.000, -3.705, -0.835,1
-92.363,  0.903, -3.013,1
-93.085, -0.706, -1.809,1
-93.165, -4.433, -0.015,1
-92.657,  0.011, -2.357,1
-92.480,  0.228, -2.672,1
-92.941, -2.177, -1.428,1
-93.037,  0.435, -2.836,1
-92.868, -0.055, -2.030,1
-92.036, -1.222, -2.176,1
-92.112, -3.298, -0.889,1
-91.850,  0.707, -3.007,1
-92.317, -3.291, -1.014,1
-92.094,  0.624, -3.140,1
-92.565, -1.565, -1.680,1
-93.045,  0.405, -2.384,1
-93.158, -1.728, -1.521,1
-92.711, -0.756, -2.071,1
-93.131, -0.699, -1.780,1
-92.848, -0.045, -2.506,1
-92.629, -1.934, -1.588,1
-92.188, -1.797, -1.817,1
-92.164, -1.339, -1.955,1
-92.453, -0.156, -2.586,1
-92.652, -0.567, -2.087,1
-93.158,  0.252, -2.004,1
-92.921, -2.587, -1.479,1
-92.599,  0.094, -2.919,1
-92.277, -3.634, -0.665,1
-91.682,  0.660, -2.918,1
-92.207, -1.319, -2.061,1
-91.477,  0.697, -2.703,1
-91.901, -3.754, -0.590,1
-91.094, -3.343, -1.401,1
-91.141,  0.761, -2.994,1
-91.761, -0.824, -1.966,1
-92.444, -1.316, -1.890,1
-92.073,  0.882, -2.925,1
-92.266, -3.133, -1.224,1
-92.305, -0.617, -2.418,1
-92.472,  0.118, -2.554,1
-92.362, -0.616, -1.939,1
-92.764, -2.528, -1.778,1
-92.478,  0.345, -2.558,1
-92.909, -0.962, -2.124,1
-92.688, -1.852, -1.701,1
-92.411, -0.127, -2.671,1
-92.554, -2.094, -1.599,1
-92.640, -0.224, -2.742,1
-93.080, -1.134, -2.054,1
-92.994, -4.383, -0.814,1
-93.348, -0.436, -2.665,1
-92.764, -1.458, -1.868,1
-92.736, -0.525, -2.246,1
-92.523, -1.775, -1.623,1
-92.465,  0.180, -2.599,1
-92.614, -1.665, -1.741,1
-92.184, -0.263, -2.497,1
-92.452, -3.199, -1.053,1
-92.087,  0.639, -2.978,1
-92.459, -0.746, -2.042,1
-92.601,  0.140, -2.547,1
-92.992, -2.373, -1.286,1
-92.246, -3.148, -0.812,1
-92.205, -0.659, -2.514,1
-92.790, -0.124, -2.448,1
-92.358, -1.394, -2.160,1
-92.182, -0.291, -2.590,1
-92.732, -4.038, -0.474,1
-92.452,  0.682, -2.969,1
-92.703, -2.088, -1.177,1
-92.601, -0.407, -2.576,1
-92.803, -3.402, -0.647,1
-92.316,  0.382, -2.761,1
-92.331, -0.897, -2.046,1
-92.213, -1.278, -1.809,1
-92.511, -0.509, -2.306,1
-92.636, -0.794, -2.346,1
-93.068, -1.419, -1.411,1
-92.591, -0.959, -2.032,1
-92.719, -1.816, -1.452,1
-92.462, -0.823, -2.341,1
-92.297, -1.883, -1.837,1
-92.459, -0.601, -2.602,1
-92.284, -0.964, -2.948,1
-91.890, -3.198, -1.003,1
-91.492,  0.483, -2.975,1
-92.111, -2.512, -1.065,1
-91.243,  1.546, -3.294,1
-91.803, -3.662, -0.511,1
-91.562,  0.563, -2.963,1
-91.599, -0.780, -1.989,1
-91.435, -4.524, -0.130,1
-91.122, -0.328, -2.510,1
-91.491, -0.878, -2.138,1
-91.210, -1.060, -2.102,1
-92.025, -1.804, -1.469,1
-91.962, -3.502, -1.045,1
-91.482,  0.735, -3.041,1
-92.024, -2.156, -1.381,1
-92.320, -0.077, -2.318,1
-92.213, -2.276, -1.333,1
-91.638,  0.590, -2.935,1
-92.056, -1.987, -1.621,1
-91.831, -0.101, -2.399,1
-92.039,  0.043, -2.352,1
-91.816, -0.464, -2.309,1
-92.982, -2.955, -1.155,1
-92.383, -2.208, -1.849,1
-91.860,  0.271, -2.680,1
-92.144, -2.162, -1.530,1
-92.711, -3.257, -0.842,1
-92.156,  0.669, -2.902,1
-92.281, -3.017, -1.026,1
-91.268,  0.966, -3.111,1
-91.672, -1.567, -1.653,1
-92.024, -0.152, -2.634,1
-92.581, -1.460, -1.630,1
-92.463,  0.284, -2.887,1
-92.530, -2.894, -0.854,1
-91.933,  0.191, -2.755,1
-92.410, -1.583, -1.775,1
-92.298,  0.907, -2.994,1
-92.417, -3.609, -0.541,1
-91.489, -1.625, -1.838,1
-91.673,  0.315, -2.860,1
-91.325, -0.616, -2.250,1
-91.613, -1.973, -1.673,1
-91.783, -0.654, -2.568,1
-91.017,  0.523, -2.863,1
-91.722, -3.475, -0.848,1
-90.980,  0.888, -3.154,1
-91.887, -1.243, -1.620,1
-91.619, -0.317, -2.278,1
-91.673, -2.367, -1.896,1
-91.798,  0.713, -3.271,1
-92.385, -1.076, -1.669,1
-91.413, -3.013, -1.497,1
-91.039,  0.324, -3.183,1
-91.837, -1.368, -2.062,1
-92.421, -0.579, -2.132,1
-92.334, -0.946, -2.067,1
-91.574, -1.063, -1.904,1
-91.953,  0.318, -2.685,1
-92.365, -4.393,  0.057,1
-91.595,  0.450, -2.484,1
-91.372, -0.264, -2.195,1
-91.675, -1.908, -1.903,1
-91.557,  0.829, -3.144,1
-91.836, -1.132, -1.858,1
-91.390,  1.008, -2.903,1
-91.952, -1.075, -1.899,1
-92.148, -0.653, -2.140,1
-92.726, -0.237, -2.284,1
-92.537, -0.738, -2.217,1
-92.720, -0.098, -2.243,1
-93.170, -3.660, -0.366,1
-92.560,  0.003, -2.478,1
-92.181, -1.789, -1.789,1
-92.259, -0.673, -2.580,1
-92.277, -0.626, -2.093,1
-92.198,  0.304, -2.446,1
-92.643, -2.055, -1.405,1
-92.209, -3.031, -0.651,1
-91.735,  0.938, -3.010,1
-91.841, -0.899, -1.837,1
-92.129, -1.331, -1.818,1
-92.143, -0.504, -2.303,1
-92.943, -2.100, -1.311,1
-92.335,  0.947, -3.081,1
-92.069, -3.313, -0.927,1
-91.803,  1.249, -3.109,1
-91.757, -2.994, -1.402,1
-91.815,  0.499, -2.588,1
-91.973, -1.457, -1.931,1
-91.477, -1.019, -1.896,1
-91.768,  0.553, -2.835,1
-91.309, -4.173, -0.433,1
-91.012, -0.313, -2.532,1
-91.522, -0.690, -2.316,1
-91.904, -1.590, -2.074,1
-92.881, -1.949, -1.763,1
-92.928,  1.119, -2.938,1
-92.978, -1.161, -1.554,1
-92.135, -1.994, -1.590,1
-92.219,  0.509, -2.806,1
-92.298, -0.221, -2.004,1
-92.582, -0.193, -2.222,1
-91.830, -2.003, -1.748,1
-91.262, -0.272, -2.408,1
-91.789, -0.624, -2.046,1
-92.831, -1.499, -1.598,1
-92.406, -0.330, -2.414,1
-92.329, -0.504, -2.242,1
-92.372, -2.965, -0.848,1
-92.334, -0.319, -2.576,1
-92.670, -3.663, -0.922,1
-92.434,  0.066, -3.025,1
-92.116, -2.272, -1.754,1
-91.965,  1.339, -3.076,1
-92.392, -2.758, -1.164,1
-91.727, -2.763, -1.481,1
-91.814,  0.206, -2.970,1
-91.031, -2.410, -1.318,1
-91.941, -0.331, -2.520,1
-92.245, -0.408, -2.449,1
-92.223,  0.276, -2.415,1
-92.386, -3.265, -0.768,1
-92.547, -2.453, -1.441,1
-92.535, -0.405, -2.384,1
-92.349, -1.987, -1.649,1
-92.234, -0.463, -2.421,1
-92.615, -1.160, -2.067,1
-92.398, -0.960, -1.713,1
-92.258, -1.935, -1.973,1
-92.143, -2.801, -0.922,1
-92.055,  0.869, -2.854,1
-91.935, -1.421, -1.782,1
-92.092,  0.017, -2.154,1
-93.281, -2.288, -1.295,1
-92.680,  0.603, -2.840,1
-92.703, -1.915, -1.446,1
-93.012, -2.064, -1.492,1
-92.593, -1.254, -1.649,1
-92.493,  0.944, -2.681,1
-91.891, -1.783, -1.615,1
-92.153, -0.634, -2.271,1
-92.688, -1.338, -1.883,1
-91.943,  0.052, -2.678,1
-92.543, -1.119, -2.329,1
-92.528, -2.312, -1.705,1
-92.448,  0.405, -2.730,1
-92.476, -1.525, -1.337,1
-92.172,  0.370, -2.831,1
-91.683, -3.315, -1.461,1
-91.340,  0.391, -2.893,1
-91.660, -1.243, -1.775,1
-91.643,  0.233, -2.645,1
-92.775, -2.511, -1.424,1
-92.123,  0.066, -2.699,1
-92.430, -1.669, -1.848,1
-93.409, -1.662, -1.797,1
-92.778, -2.469, -1.391,1
-92.345,  0.465, -2.691,1
-91.559, -1.330, -1.968,1
-92.088, -0.156, -2.518,1
-92.011, -2.027, -1.885,1
-91.434,  1.640, -3.197,1
-91.395, -2.631, -1.391,1
-91.339,  1.224, -3.148,1
-91.821, -3.240, -1.123,1
-92.040,  0.409, -2.838,1
-91.768, -2.101, -1.651,1
-91.871,  1.305, -3.253,1
-91.986, -1.711, -1.434,1
-91.481,  0.933, -3.077,1
-92.143, -2.444, -1.442,1
-92.078,  0.135, -2.573,1
-91.974, -0.556, -2.435,1
-91.718, -0.476, -2.424,1
-92.192, -3.031, -0.791,1
-91.780,  0.419, -2.737,1
-91.747, -0.916, -2.108,1
-91.814, -0.185, -2.409,1
-91.649, -1.002, -1.503,1
-92.022, -2.677, -1.408,1
-91.444,  1.540, -3.348,1
-91.983, -2.095, -1.392,1
-91.863, -0.252, -2.680,1
-92.154, -1.462, -2.042,1
-91.899,  0.222, -2.868,1
-92.766, -0.210, -2.428,1
-92.397, -2.446, -0.721,1
-91.637,  1.260, -3.136,1
-92.506, -0.761, -1.690,1
-92.086, -0.719, -2.691,1
-92.268,  0.369, -2.806,1
-92.864, -0.387, -2.120,1
-92.500, -0.633, -1.678,1
-92.141, -0.628, -1.908,1
-91.557,  0.280, -2.834,1
-91.944, -2.779, -1.500,1
-91.937,  0.489, -2.987,1
-92.174, -2.994, -1.254,1
-91.839,  1.169, -3.195,1
-92.022, -1.911, -1.457,1
-92.193, -4.926,  0.248,1
-91.732, -0.127, -2.442,1
-92.110, -1.462, -1.766,1
-91.881, -0.676, -2.569,1
-92.959, -1.996, -1.375,1
-92.584, -0.864, -2.096,1
-92.514, -0.004, -2.569,1
-92.715, -2.202, -1.583,1
-92.223, -0.188, -2.839,1
-92.154,  0.161, -2.000,1
-92.242, -0.054, -2.455,1
-92.324, -1.008, -1.823,1
-92.125, -1.554, -1.723,1
-91.745, -0.222, -2.607,1
-92.010, -1.203, -1.997,1
-92.284, -0.910, -2.216,1
-91.876,  0.512, -2.619,1
-92.175, -1.556, -1.786,1
-91.925,  0.739, -3.032,1
-91.573, -3.831, -0.524,1
-91.205,  0.463, -2.732,1
-91.853, -2.119, -1.741,1
-91.558, -0.299, -2.204,1
-92.102, -0.472, -2.235,1
-92.299, -1.223, -1.882,1
-91.931,  0.989, -2.945,1
-91.988, -2.626, -0.911,1
-91.560,  1.238, -3.073,1
-91.982, -2.730, -1.230,1
-91.625, -0.375, -2.266,1
-92.084, -1.133, -1.910,1
-92.636, -0.568, -1.786,1
-92.882, -1.312, -1.865,1
-91.465,  1.313, -2.975,1
-91.839, -1.511, -1.659,1
-91.041,  1.030, -3.035,1
-91.570, -3.999, -0.853,1
-91.254,  0.333, -3.004,1
-91.606, -3.197, -0.943,1
-91.607, -1.673, -1.719,1
-91.720,  0.105, -2.606,1
-92.042, -0.062, -2.162,1
-92.513, -2.342, -1.443,1
-91.807, -0.339, -2.904,1
-92.058, -0.964, -1.944,1
-91.892, -1.107, -1.888,1
-91.746,  0.518, -3.006,1
-92.161, -2.993, -1.513,1
-91.769,  1.337, -3.142,1
-91.925, -1.611, -1.439,1
-92.191, -1.474, -1.987,1
-92.098, -0.353, -2.393,1
-92.663, -2.251, -1.499,1
-92.289, -0.234, -2.510,1
-92.748, -1.972, -1.824,1
-92.368, -0.078, -2.650,1
-92.348, -0.544, -2.056,1
-91.907, -3.287, -0.453,1
-91.754, -0.236, -2.748,1
-92.295,  0.737, -2.499,1
-92.052, -1.825, -1.529,1
-92.046, -2.504, -1.674,1
-91.120,  0.264, -3.109,1
-91.692, -1.689, -1.731,1
-91.492,  0.077, -2.472,1
-91.050, -0.269, -2.264,1
-91.852, -1.362, -1.684,1
-91.991, -0.468, -2.510,1
-92.652, -2.146, -1.536,1
-91.789, -2.585, -1.884,1
-91.485,  0.722, -3.132,1
-92.049, -1.357, -1.901,1
-92.085, -1.925, -1.578,1
-91.730,  0.198, -3.048,1
-92.167, -1.446, -1.862,1
-92.674, -0.779, -2.268,1
-92.096, -0.505, -2.606,1
-91.950, -1.140, -2.124,1
-91.528,  0.690, -2.975,1
-91.822, -0.867, -2.200,1
-91.655,  0.634, -2.886,1
-91.956, -3.210, -0.859,1
-91.658,  0.743, -3.147,1
-91.836, -1.570, -1.552,1
-91.027,  1.323, -3.238,1
-91.628, -3.077, -1.170,1
-91.416,  1.112, -3.244,1
-92.510, -1.844, -1.633,1
-92.930, -4.356, -0.080,1
-91.834,  0.413, -2.765,1
-91.241, -0.035, -2.495,1
-91.700, -0.293, -2.282,1
-91.923, -1.767, -1.915,1
-92.609,  0.045, -2.647,1
-92.219, -1.433, -1.964,1
-91.946,  0.690, -3.023,1
-92.583, -1.116, -1.707,1
-91.977, -0.121, -2.702,1
-92.359, -1.760, -1.609,1
-92.278, -0.304, -2.584,1
-92.353, -4.673, -0.011,1
-92.104, -1.103, -2.109,1
-92.358, -0.521, -1.986,1
-91.793,  0.811, -2.880,1
-92.178, -2.268, -1.604,1
-92.148, -0.991, -2.207,1
-91.757,  0.878, -2.810,1
-92.155, -1.300, -1.920,1
-91.964,  1.320, -3.092,1
-92.029, -2.531, -1.634,1
-91.071,  0.191, -2.502,1
-91.523, -2.083, -1.637,1
-91.827, -3.786, -0.004,1
-91.449,  1.060, -2.852,1
-92.075, -2.021, -1.654,1
-91.554,  0.579, -3.140,1
-92.264, -1.044, -1.931,1
-91.715,  0.373, -2.644,1
-92.116, -1.298, -1.859,1
-92.361, -4.827, -0.460,1
-91.675,  0.047, -2.958,1
-92.542, -3.045, -1.539,1
-91.625,  0.108, -2.935,1
-91.715, -1.069, -2.082,1
-92.357, -2.699, -1.412,1
-91.874,  0.921, -3.198,1
-91.937, -1.354, -1.493,1
-91.997,  0.792, -2.642,1
-91.937, -1.156, -1.330,1
-91.615,  1.543, -3.036,1
-92.560, -1.045, -1.590,1
-92.252,  0.068, -2.003,1
-91.906, -1.256, -1.998,1
-91.910, -2.453, -1.887,1
-91.405,  1.589, -3.283,1
-91.717, -1.007, -1.739,1
-91.292,  1.699, -3.045,1
-91.841, -2.993, -0.880,1
-91.276, -3.924, -0.528,1
-91.073,  0.692, -3.032,1
-90.962, -1.304, -1.976,1
-91.617, -0.354, -2.748,1
-92.028, -1.390, -2.133,1
-92.273,  1.212, -2.783,1
-92.887, -3.659, -0.284,1
-92.216,  0.689, -2.961,1
-92.222, -1.409, -1.877,1
-92.035,  0.262, -2.778,1
-92.688,  0.921, -2.468,1
-92.679, -2.101, -1.407,1
-92.440, -1.691, -1.652,1
-92.282,  1.083, -2.831,1
-92.487, -1.605, -1.765,1
-91.583,  0.388, -3.089,1
-92.496, -2.089, -1.351,1
-92.382, -0.826, -1.580,1
-92.162, -0.358, -2.403,1
-92.136, -2.869, -1.658,1
-91.966, -0.644, -2.259,1
-92.061, -1.050, -2.166,1
-92.037, -1.670, -1.717,1
-91.767, -0.659, -2.011,1
-92.684, -2.673, -0.967,1
-92.148,  0.748, -3.071,1
-92.626, -0.967, -1.869,1
-92.764, -0.736, -2.103,1
-92.824, -2.257, -1.610,1
-92.266, -0.915, -2.154,1
-92.628, -1.996, -1.649,1
-91.561, -3.552, -1.299,1
-91.732,  0.348, -3.037,1
-92.361, -0.239, -2.079,1
-92.395, -0.381, -2.151,1
-92.893, -1.707, -1.556,1
-92.217, -5.231, -0.383,1
-91.444,  0.204, -2.827,1
-91.821, -1.388, -1.392,1
-91.636, -0.485, -2.510,1
-91.871, -0.376, -2.329,1
-92.241, -1.220, -1.706,1
-91.821, -0.321, -2.516,1
-92.511, -3.763, -0.147,1
-92.174, -0.406, -2.213,1
-91.649,  0.250, -2.591,1
-92.180, -1.409, -1.549,1
-92.287,  0.435, -2.587,1
-92.621, -2.940, -0.464,1
-91.914,  0.973, -2.893,1
-92.908, -0.264, -1.705,1
-92.295,  0.061, -2.472,1
-91.813,  0.222, -2.159,1
-92.001, -2.858, -0.876,1
-91.351,  0.477, -2.989,1
-91.014, -0.409, -2.288,1
-92.014, -2.042, -1.363,1
-91.728,  1.413, -3.133,1
-91.971, -2.919, -1.291,1
-91.503, -0.293, -2.227,1
-91.473, -0.257, -2.540,1
-92.047, -1.164, -1.981,1
-91.627,  0.918, -2.853,1
-92.197, -2.160, -1.281,1
-92.438, -0.010, -2.432,1
-92.397, -1.711, -1.204,1
-92.142,  0.592, -2.777,1
-92.373, -2.628, -1.365,1
-91.973, -3.699, -0.251,1
-92.025, -0.624, -2.446,1
-91.874,  0.132, -2.579,1
-91.792, -0.834, -2.225,1
-92.114, -0.384, -2.224,1
-92.260, -3.038, -0.939,1
-91.085,  1.282, -3.016,1
-91.611, -2.871, -1.451,1
-91.695,  0.339, -2.781,1
-92.071, -2.792, -0.981,1
-91.957,  0.531, -2.995,1
-92.088, -1.074, -1.966,1
-92.285, -3.637, -0.620,1
-91.878,  0.439, -2.994,1
-91.795, -3.409, -1.329,1
-92.102,  0.278, -2.842,1
-92.195, -1.443, -1.470,1
-92.660, -1.619, -2.167,1
-92.382, -1.493, -1.767,1
-91.673, -0.018, -2.623,1
-91.295, -0.240, -2.267,1
-90.842, -0.981, -2.449,1
-91.044,  0.652, -2.674,1
-91.466, -1.891, -1.681,1
-91.643, -1.495, -2.146,1
-91.252,  0.357, -2.969,1
-91.885, -2.229, -1.597,1
-92.105, -1.045, -2.407,1
-92.324, -2.185, -1.589,1
-91.765,  2.040, -3.350,1
-92.389, -2.143, -1.274,1
-91.706,  0.272, -2.918,1
-91.880, -2.392, -1.355,1
-91.513, -0.608, -2.150,1
-92.029, -0.589, -2.294,1
-91.751,  0.375, -2.763,1
-91.281, -0.421, -2.203,1
-91.737, -1.403, -2.275,1
-91.622,  0.052, -2.824,1
-92.557, -1.906, -1.469,1
-92.095,  0.405, -2.966,1
-92.060, -0.597, -2.315,1
-92.078, -0.289, -2.338,1
-92.724, -3.957, -0.334,1
-92.138,  0.213, -2.803,1
-92.060, -1.924, -1.526,1
-91.834,  0.200, -2.791,1
-92.026, -2.401, -1.169,1
-91.497,  0.431, -2.949,1
-91.576, -1.258, -1.804,1
-91.858, -0.210, -2.563,1
-92.230, -0.582, -2.421,1
-91.803, -0.329, -2.497,1
-91.847, -1.772, -1.886,1
-92.447, -1.200, -1.949,1
-92.556, -1.946, -1.550,1
-92.252,  0.918, -3.300,1
-92.086, -0.533, -1.920,1
-92.076, -2.009, -1.393,1
-91.657,  0.829, -2.881,1
-92.399, -1.318, -1.660,1
-91.671, -4.083, -0.799,1
-91.522,  0.506, -3.101,1
-91.970, -2.017, -1.291,1
-92.331, -2.158, -1.517,1
-92.067,  0.902, -2.807,1
-91.705, -1.741, -1.824,1
-92.151,  0.095, -2.720,1
-91.886, -4.246, -0.489,1
-91.275,  0.114, -2.936,1
-92.001, -2.746, -1.092,1
-92.261,  0.368, -2.972,1
-92.658, -2.144, -1.492,1
-93.121, -1.913, -1.530,1
-92.461, -1.271, -2.304,1
-92.159,  0.130, -2.747,1
-92.729, -1.945, -1.396,1
-92.171, -1.652, -1.799,1
-92.014, -2.476, -1.185,1
-91.611,  0.014, -2.868,1
-91.628, -0.910, -2.139,1
-91.534, -1.126, -2.278,1
-91.389, -0.219, -2.676,1
-92.110, -1.175, -2.070,1
-91.912,  0.057, -2.690,1
-91.250,  0.086, -2.410,1
-91.175, -0.433, -2.408,1
-91.439, -1.054, -2.175,1
-91.741, -0.205, -2.342,1
-91.685, -0.714, -2.348,1
-92.364, -0.896, -1.984,1
-92.189, -1.239, -2.016,1
-91.896, -0.171, -2.608,1
-92.292, -2.790, -1.054,1
-92.022,  0.901, -3.139,1
-91.906, -2.601, -1.116,1
-91.860,  0.693, -2.960,1
-92.002, -2.028, -1.655,1
-91.656,  0.748, -3.025,1
-92.367, -1.972, -1.281,1
-91.309,  1.152, -3.200,1
-92.381, -1.736, -1.426,1
-92.746, -0.923, -2.526,1
-92.180, -1.405, -2.149,1
-92.015, -0.871, -2.421,1
-92.251, -0.056, -2.373,1
-92.120,  0.135, -2.444,1
-91.618, -1.965, -1.290,1
-91.777, -0.751, -2.316,1
-92.324, -4.192, -0.269,1
-92.110,  0.004, -2.668,1
-91.894, -0.265, -2.261,1
-91.984, -0.430, -2.295,1
-92.203,  0.287, -2.451,1
-92.261, -2.121, -1.344,1
-92.010,  0.545, -2.995,1
-92.541, -3.293, -1.066,1
-91.874,  1.102, -3.134,1
-92.148, -2.485, -1.590,1
-91.892, -1.424, -1.850,1
-91.768,  0.780, -3.002,1
-92.638, -4.161, -0.290,1
-92.175,  0.163, -2.734,1
-91.995, -3.496, -1.187,1
-91.665,  0.495, -3.081,1
-92.095, -2.433, -1.605,1
-92.199, -1.967, -1.294,1
-91.961,  0.932, -2.947,1
