 -0.004,  0.019, -0.011,0
 -0.682,  0.046, -0.120,0
 -0.844, -0.591, -0.282,0
 -0.600, -0.694, -0.246,0
 -0.467,  0.361, -0.339,0
 -0.931, -0.334, -0.319,0
 -0.465,  0.298, -0.181,0
 -0.772, -0.363, -0.260,0
 -0.315,  0.073, -0.223,0
 -0.176, -0.074, -0.132,0
 -0.340, -0.260, -0.087,0
 -0.657, -0.099, -0.386,0
 -0.901,  0.320, -0.666,0
 -0.253, -0.446,  0.152,0
  0.002,  0.142, -0.164,0
 -0.339,  0.325, -0.225,0
 -0.111,  0.304, -0.027,0
 -0.230,  0.072,  0.012,0
 -0.212, -0.327, -0.004,0
 -0.556, -0.171, -0.286,0
 -0.597,  0.149, -0.402,0
 -0.481,  0.981, -0.471,0
 -0.454,  0.763, -0.333,0
 -0.546,  0.636, -0.486,0
 -0.929,  0.087, -0.399,0
  0.052,  0.352, -0.159,0
  0.155,  0.446, -0.120,0
  0.167,  0.318, -0.065,0
 -0.043,  0.130, -0.287,0
 -0.078, -0.546, -0.139,0
 -0.261, -1.060, -0.040,0
 -0.481, -0.560, -0.376,0
 -0.490, -0.697, -0.442,0
 -0.451, -0.283, -0.538,0
 -0.297,  0.568, -0.568,0
 -0.391,  0.322, -0.477,0
 -0.461, -0.312, -0.338,0
 -0.403,  0.377, -0.568,0
 -0.251, -0.247, -0.327,0
 -0.547, -0.591, -0.375,0
 -0.523, -0.004, -0.467,0
 -0.706, -0.845, -0.257,0
 -1.109, -1.028, -0.407,0
 -1.113, -0.968, -0.484,0
 -0.978, -0.979, -0.441,0
 -1.231, -0.847, -0.610,0
 -1.284, -0.930, -0.634,0
 -1.113, -0.578, -0.542,0
 -1.074, -0.984, -0.353,0
 -1.241, -0.459, -0.538,0
 -1.183, -0.121, -0.819,0
 -1.258, -0.032, -0.949,0
 -1.041, -0.130, -0.709,0
 -1.016,  0.213, -0.499,0
 -0.924,  0.039, -0.384,0
 -0.769, -0.141, -0.246,0
 -0.792, -0.124, -0.261,0
 -0.792, -0.305, -0.350,0
 -0.486, -0.202, -0.319,0
 -0.571,  0.218, -0.333,0
 -0.470,  0.426, -0.476,0
 -0.401,  0.721, -0.514,0
 -0.396,  0.476, -0.548,0
 -0.256,  0.404, -0.392,0
  0.037,  0.564, -0.261,0
  0.113,  0.598, -0.223,0
  0.139,  0.871, -0.292,0
  0.017,  0.266, -0.025,0
  0.278,  0.442, -0.085,0
  0.070,  0.612, -0.236,0
 -0.021, -0.175, -0.058,0
 -0.693, 15.147,  4.744,0
 -1.134,  9.924,  3.814,0
 -1.416,  5.252,  1.965,0
 -1.769,  1.781,  0.343,0
 -2.422, -0.820, -1.245,0
 -3.166, -3.131, -2.374,0
 -3.997, -5.225, -3.262,0
 -4.777, -7.322, -3.918,0
 -5.523, -7.993, -4.584,0
 -6.254, -8.859, -5.225,0
 -7.063, -9.527, -5.809,0
 -7.811,-10.071, -6.186,0
 -8.464,-10.794, -6.274,0
 -9.006,-10.386, -6.602,0
 -9.539,-10.592, -6.759,0
-10.031,-11.192, -6.753,0
-10.602,-11.953, -6.989,0
-11.123,-11.834, -7.118,0
-11.502,-12.216, -7.254,0
-11.876,-12.461, -7.257,0
-12.257,-12.608, -7.374,0
-12.754,-12.517, -7.427,0
-13.110,-12.763, -7.701,0
-13.379,-12.735, -7.700,0
-13.638,-13.220, -7.781,0
-13.884,-13.047, -7.796,0
-14.195,-13.354, -7.787,0
-14.360,-13.446, -7.991,0
-14.739,-14.232, -7.951,0
-14.979,-14.078, -8.032,0
-15.311,-14.743, -8.019,0
-15.416,-14.541, -8.147,0
-15.566,-14.205, -8.229,0
-15.778,-14.423, -8.240,0
-15.930,-14.089, -8.352,0
-16.033,-13.931, -8.354,0
-16.225,-14.180, -8.323,0
-16.338,-14.487, -8.348,0
-16.284,-14.375, -8.219,0
-16.361,-13.855, -8.356,0
-16.461,-13.923, -8.389,0
-16.512,-14.431, -8.421,0
-16.518,-14.048, -8.538,0
-16.549,-14.071, -8.466,0
-16.718,-14.314, -8.578,0
-16.766,-14.323, -8.562,0
-16.876,-14.585, -8.325,0
-16.999,-14.746, -8.341,0
-17.087,-15.145, -8.495,0
-17.159,-15.173, -8.597,0
-17.294,-14.947, -8.541,0
-17.314,-14.714, -8.586,0
-17.382,-14.593, -8.622,0
-17.433,-14.377, -8.652,0
-17.363,-14.083, -8.582,0
-17.367,-13.963, -8.670,0
-17.329,-14.215, -8.624,0
-17.288,-14.266, -8.660,0
-17.384,-14.558, -8.674,0
-17.484,-14.742, -8.724,0
-17.519,-15.124, -8.603,0
-17.540,-15.505, -8.532,0
-17.499,-15.359, -8.657,0
-17.531,-15.795, -8.690,0
-17.481,-15.183, -8.706,0
-17.517,-15.375, -8.752,0
-17.588,-14.912, -8.833,0
-17.552,-14.847, -8.790,0
-17.615,-15.001, -8.862,0
-17.621,-14.806, -8.808,0
-17.748,-15.083, -8.651,0
-17.771,-15.320, -8.748,0
-17.821,-15.369, -8.673,0
-17.896,-15.807, -8.686,0
-17.844,-15.773, -8.742,0
-17.953,-15.744, -8.656,0
-17.834,-15.212, -8.612,0
-17.848,-15.059, -8.677,0
-17.845,-15.231, -8.670,0
-17.861,-15.516, -8.578,0
-17.900,-15.511, -8.555,0
-17.865,-14.931, -8.644,0
-17.923,-15.439, -8.548,0
-17.975,-15.306, -8.590,0
-18.007,-14.861, -8.563,0
-17.981,-14.586, -8.731,0
-17.954,-14.609, -8.673,0
-17.863,-14.350, -8.722,0
-17.858,-14.467, -8.732,0
-17.841,-14.638, -8.688,0
-17.911,-14.813, -8.709,0
-17.877,-14.800, -8.784,0
-17.857,-14.645, -8.765,0
-17.727,-14.714, -8.555,0
-17.747,-14.336, -8.701,0
-17.692,-14.633, -8.562,0
-17.604,-14.247, -8.501,0
-17.526,-14.472, -8.556,0
-17.513,-14.004, -8.566,0
-17.507,-14.013, -8.540,0
-17.580,-14.310, -8.459,0
-17.495,-13.944, -8.524,0
-17.561,-14.038, -8.400,0
-17.517,-14.277, -8.400,0
-17.500,-14.054, -8.332,0
-17.674,-14.389, -8.186,0
-17.610,-14.345, -8.337,0
-17.499,-14.315, -8.349,0
-17.558,-14.207, -8.308,0
-17.621,-14.415, -8.420,0
-17.694,-14.367, -8.536,0
-17.652,-14.799, -8.539,0
-17.617,-14.897, -8.504,0
-17.563,-15.090, -8.523,0
-17.660,-15.196, -8.543,0
-17.646,-14.968, -8.691,0
-17.643,-14.871, -8.642,0
-17.781,-15.079, -8.564,0
-17.809,-14.688, -8.603,0
-17.790,-14.538, -8.636,0
-17.777,-14.995, -8.548,0
-17.806,-15.163, -8.488,0
-17.822,-15.505, -8.452,0
-17.844,-15.770, -8.535,0
-17.945,-15.734, -8.497,0
-17.914,-15.047, -8.582,0
-17.904,-14.936, -8.633,0
-17.864,-14.692, -8.678,0
-17.753,-14.738, -8.618,0
-17.677,-14.404, -8.640,0
-17.698,-14.728, -8.699,0
-17.775,-14.875, -8.777,0
-17.836,-14.725, -8.575,0
-17.822,-14.835, -8.509,0
-17.821,-14.508, -8.535,0
-17.754,-14.346, -8.457,0
-17.866,-14.518, -8.501,0
-16.172,-15.946, -8.519,0
-17.395,-11.820, -7.649,0
-16.583, -9.999, -7.567,0
-15.850, -8.727, -7.138,0
-15.025, -7.722, -6.412,0
-14.048, -6.401, -5.801,0
-13.294, -5.629, -5.248,0
-12.461, -4.810, -4.878,0
-11.523, -4.265, -4.399,0
-10.762, -3.993, -4.027,0
-10.070, -3.833, -3.762,0
 -9.459, -3.352, -3.547,0
 -8.824, -3.384, -3.278,0
 -8.413, -3.274, -3.058,0
 -7.848, -2.682, -2.954,0
 -7.325, -2.435, -2.959,0
 -6.747, -2.587, -2.839,0
 -6.272, -2.484, -2.621,0
 -5.841, -2.786, -2.422,0
 -5.444, -2.396, -2.395,0
 -4.991, -1.604, -2.413,0
 -4.581, -0.802, -2.338,0
 -4.282, -1.456, -1.988,0
 -4.011, -1.618, -1.796,0
 -3.646, -1.164, -1.811,0
 -3.535, -1.136, -1.764,0
 -3.313, -1.808, -1.494,0
 -3.030, -1.415, -1.683,0
 -2.880, -1.434, -1.630,0
 -2.669, -0.928, -1.615,0
 -2.459, -0.770, -1.452,0
 -2.287, -0.526, -1.416,0
 -2.017, -0.253, -1.360,0
 -1.897,  0.081, -1.443,0
 -1.939, -0.059, -1.513,0
 -1.667,  0.128, -1.273,0
 -1.499, -0.524, -1.214,0
 -1.486, -0.636, -0.984,0
 -1.520, -0.261, -1.023,0
 -1.550, -0.048, -1.206,0
 -1.664, -0.364, -1.093,0
 -1.562, -0.152, -1.051,0
 -1.375,  0.183, -0.945,0
 -1.493,  0.175, -0.802,0
 -1.404,  0.502, -1.000,0
 -1.411, -0.177, -0.716,0
 -1.508, -1.128, -1.034,0
 -1.507, -0.499, -1.187,0
 -1.567, -1.070, -0.971,0
 -1.840, -0.548, -0.538,0
 -1.853, -0.755, -1.785,0
 -1.874, -0.793, -2.223,0
 -1.927, -0.542, -2.409,0
 -1.995, -0.969, -1.856,0
 -1.897, -0.432, -2.192,0
 -1.669, -0.241, -1.937,0
 -1.772, -0.379, -1.651,0
 -1.973, -0.603, -1.662,0
 -2.126, -0.580, -1.998,0
 -2.406, -1.064, -1.843,0
 -2.607, -1.006, -2.416,0
 -2.466, -1.356, -2.011,0
 -3.339, -1.802, -1.936,0
 -3.470, -2.094, -2.220,0
 -3.556, -2.148, -2.343,0
 -3.751, -2.496, -2.233,0
 -3.912, -2.254, -2.743,0
 -3.849, -2.085, -2.673,0
 -3.970, -2.469, -2.319,0
 -3.993, -2.239, -2.557,0
 -4.051, -1.770, -2.953,0
 -4.081, -1.549, -2.478,0
 -4.231, -1.790, -2.568,0
 -4.183, -1.729, -2.870,0
 -4.097, -1.713, -2.785,0
 -4.021, -1.933, -2.805,0
 -4.000, -1.675, -2.865,0
 -3.914, -1.111, -2.897,0
 -3.840, -0.929, -2.859,0
 -3.800, -1.379, -2.434,0
 -3.778, -1.012, -2.390,0
 -3.666, -1.545, -2.271,0
 -3.602, -1.862, -2.201,0
 -3.554, -1.122, -2.326,0
 -3.588, -1.271, -2.173,0
 -3.573, -1.536, -2.028,0
 -3.557, -1.535, -2.153,0
 -3.375, -1.119, -2.183,0
 -3.363, -1.278, -2.419,0
 -3.519, -1.090, -2.182,0
 -3.993, -1.347, -1.438,0
 -3.908, -1.324, -1.799,0
 -3.849, -1.773, -2.183,0
 -3.882, -1.571, -2.571,0
 -3.908, -1.815, -2.482,0
 -3.825, -1.208, -2.538,0
 -3.596, -1.344, -2.319,0
 -3.429, -1.588, -2.489,0
 -3.444, -1.328, -1.981,0
 -3.454, -1.294, -1.895,0
 -3.400, -1.338, -1.954,0
 -3.325, -1.202, -2.078,0
 -3.291, -1.394, -1.925,0
 -3.415, -1.586, -1.830,0
 -3.540, -1.575, -1.885,0
 -3.389, -1.665, -1.848,0
 -3.403, -1.688, -1.804,0
 -3.622, -2.189, -1.665,0
 -3.873, -1.778, -2.149,0
 -3.968, -1.976, -2.133,0
 -3.887, -1.433, -2.020,0
 -3.739, -2.193, -2.400,0
 -3.558, -1.753, -2.348,0
 -3.909, -1.682, -1.264,0
 -3.878, -1.511, -1.732,0
 -3.657, -1.562, -1.960,0
 -3.660, -1.629, -1.664,0
 -3.475, -1.197, -1.753,0
 -3.478, -0.768, -1.787,0
 -3.371, -0.684, -1.393,0
 -3.332, -1.305, -0.945,0
 -3.447, -1.427, -1.572,0
 -3.489, -0.931, -1.910,0
 -3.390, -1.084, -2.021,0
 -3.423, -1.315, -2.140,0
 -3.214, -1.034, -2.066,0
 -3.192, -1.327, -2.035,0
 -3.151, -0.732, -2.350,0
 -3.111, -0.699, -2.440,0
 -3.019, -1.365, -2.139,0
 -3.065, -1.339, -2.241,0
 -3.292, -1.400, -2.271,0
 -3.356, -1.574, -2.146,0
 -3.414, -1.904, -1.914,0
 -3.498, -1.602, -2.025,0
 -3.814, -1.819, -2.230,0
 -3.878, -1.471, -2.485,0
 -4.043, -1.899, -2.457,0
 -3.911, -1.811, -2.332,0
 -3.896, -1.989, -2.213,0
 -3.870, -1.293, -2.315,0
 -3.810, -1.198, -1.596,0
 -3.632, -0.207, -1.692,0
 -7.850,  2.283, -5.345,0
 -8.533, -3.296, -8.115,0
 -8.504, -5.244, -9.264,0
-11.255, -4.670,-11.675,0
-19.484,  3.644,-13.779,0
-26.910, 14.107,-16.499,0
-31.393, 17.753,-16.380,0
-38.713, 23.932,-16.526,0
-43.853, 29.117,-20.607,0
-50.062, 25.694,-22.943,0
-54.955, 22.590,-24.447,0
-58.877, 19.530,-23.635,0
-59.748, 14.653,-22.456,0
-61.704, 10.987,-21.208,0
-61.057,  7.010,-18.109,0
-62.180,  2.706,-16.733,0
-62.978, -1.754,-15.495,0
-63.568, -6.227,-13.490,0
-64.629, -9.847,-11.828,0
-64.716,-14.829,-10.320,0
-65.036,-19.478, -8.756,0
-65.383,-24.060, -6.966,0
-66.048,-27.808, -5.279,0
-66.363,-31.975, -4.237,0
-66.806,-35.949, -2.694,0
-67.353,-39.414, -0.834,0
-67.726,-43.145,  0.862,0
-68.635,-45.627,  2.878,0
-69.226,-48.738,  4.597,0
-69.854,-51.651,  5.994,0
-70.359,-53.854,  7.346,0
-71.276,-55.457,  8.966,0
-72.689,-55.012, 11.285,0
-73.659,-56.009, 13.356,0
-74.590,-57.411, 15.476,0
-74.375,-59.976, 18.327,0
-75.918,-60.636, 19.413,0
-76.561,-62.586, 20.680,0
-76.951,-65.109, 22.812,0
-77.855,-66.028, 24.712,0
-78.491,-66.345, 26.278,0
-79.233,-67.424, 27.707,0
-80.762,-69.626, 29.412,0
-82.064,-70.783, 31.878,0
-81.246,-72.807, 31.331,0
-82.221,-73.450, 33.225,0
-83.634,-74.902, 35.484,0
-84.679,-75.524, 37.495,0
-85.527,-76.368, 39.117,0
-87.277,-77.349, 41.768,0
-88.967,-78.150, 43.639,0
-90.734,-78.812, 45.370,0
-90.846,-79.048, 46.852,0
-91.593,-79.937, 47.874,0
-93.291,-81.021, 49.533,0
-94.336,-81.293, 49.922,0
-95.809,-82.014, 51.182,0
-97.729,-82.892, 53.476,0
-99.114,-83.474, 55.248,0
-99.831,-83.841, 56.106,0
-100.648,-84.316, 56.839,0
-98.888,-83.687, 55.745,0
-102.491,-85.197, 60.027,0
-102.579,-85.357, 60.549,0
-103.383,-85.709, 62.254,0
-104.036,-86.290, 63.403,0
-106.323,-87.050, 66.325,0
-106.785,-87.307, 67.676,0
-107.056,-87.683, 68.354,0
-107.940,-88.768, 70.033,0
-105.598,-90.483, 67.438,0
-107.858,-90.263, 70.360,0
-110.272,-89.665, 73.230,0
-113.507,-89.082, 76.985,0
-119.168,-87.174, 83.629,0
-120.779,-87.388, 85.897,0
-121.442,-87.569, 87.274,0
-122.685,-87.815, 89.132,0
-123.694,-88.028, 90.626,0
-125.348,-88.454, 92.952,0
-125.901,-88.671, 94.114,0
-126.100,-88.785, 94.947,0
-127.498,-88.993, 97.083,0
-128.514,-89.203, 98.607,0
-130.155,-89.412,100.928,0
-132.432,-89.663,103.838,0
-132.609,-89.729,104.531,0
-134.450,-89.752,106.812,0
223.012,-89.822,109.870,0
222.515,-89.859,110.805,0
221.597,-89.956,112.223,0
220.571,-90.013,113.732,0
219.676,-89.982,114.928,0
218.884,-90.030,116.214,0
218.151,-90.101,117.395,0
216.652,-90.163,119.403,0
215.859,-90.286,120.715,0
214.511,-90.281,122.410,0
213.584,-90.202,123.654,0
212.940,-90.359,124.741,0
212.014,-90.301,126.119,0
211.269,-90.316,127.321,0
210.303,-90.565,128.097,0
209.313,-90.560,129.547,0
207.506,-89.071,132.701,0
212.772,-83.870,129.516,0
212.298,-81.903,130.598,0
210.506,-83.432,133.151,0
202.321,-87.961,138.367,0
154.572,-95.539,180.747,0
 94.989,-96.788,-123.184,0
 83.330,-97.771,-111.266,0
180.870,-99.529,151.824,0
213.586,-96.506,121.308,0
214.653,-94.767,120.919,0
218.888,-93.335,117.832,0
217.636,-93.216,119.477,0
217.084,-93.140,120.274,0
215.345,-92.955,122.394,0
215.343,-93.012,122.237,0
214.561,-92.856,123.419,0
213.826,-92.787,124.656,0
214.183,-92.683,124.819,0
212.805,-92.607,126.574,0
213.272,-92.637,126.354,0
210.557,-92.498,129.890,0
207.535,-92.352,133.449,0
206.681,-92.302,134.719,0
205.215,-92.295,136.643,0
203.911,-92.290,138.337,0
203.172,-92.168,139.280,0
202.158,-92.004,140.661,0
201.300,-91.932,141.774,0
200.417,-91.810,143.034,0
200.788,-91.774,142.958,0
200.573,-91.622,143.383,0
199.809,-91.614,144.588,0
199.578,-91.527,144.988,0
198.592,-91.361,146.245,0
197.775,-91.196,147.377,0
195.926,-90.833,149.927,0
196.294,-90.971,149.788,0
195.362,-90.741,150.937,0
195.532,-90.698,151.136,0
195.016,-90.497,152.027,0
193.962,-90.323,153.498,0
192.424,-89.928,155.374,0
189.272,-89.067,158.745,0
189.953,-89.192,158.121,0
190.992,-89.344,157.294,0
191.231,-89.566,157.243,0
191.024,-89.473,157.609,0
192.727,-89.769,156.157,0
193.078,-89.768,155.918,0
193.207,-89.836,155.887,0
194.076,-90.106,154.906,0
194.754,-90.112,154.332,0
194.748,-90.019,154.472,0
195.107,-89.942,154.260,0
194.532,-89.768,154.991,0
194.986,-89.746,154.686,0
195.091,-89.738,154.707,0
194.725,-89.725,155.108,0
194.631,-89.776,155.295,0
194.632,-89.752,155.226,0
194.288,-89.714,155.662,0
194.859,-89.959,155.045,0
194.633,-90.057,155.276,0
194.260,-90.060,155.354,0
193.610,-90.189,155.202,0
192.612,-90.136,156.500,0
191.938,-90.130,157.519,0
192.630,-90.239,157.106,0
192.719,-90.234,157.383,0
192.486,-90.167,157.759,0
192.234,-90.178,158.291,0
192.040,-90.141,158.605,0
192.242,-90.147,158.659,0
192.253,-90.040,158.788,0
192.428,-90.082,158.849,0
192.430,-90.096,159.109,0
191.501,-89.984,160.308,0
191.284,-89.979,160.792,0
190.929,-89.959,161.406,0
190.168,-89.934,162.456,0
189.925,-89.975,162.700,0
188.373,-89.849,164.629,0
187.814,-89.949,165.428,0
187.386,-89.976,166.089,0
186.472,-89.922,167.290,0
186.276,-89.897,167.826,0
186.196,-89.936,168.257,0
185.693,-89.413,169.105,0
186.457,-89.305,168.541,0
188.889,-89.803,166.443,0
189.697,-89.898,165.867,0
188.654,-89.208,167.444,0
185.489,-87.706,171.495,0
186.398,-87.820,170.667,0
187.914,-88.085,169.024,0
189.184,-88.394,167.837,0
190.680,-88.895,166.441,0
193.190,-89.962,163.763,0
194.332,-89.469,162.808,0
193.012,-89.278,164.422,0
192.612,-89.260,165.042,0
193.606,-89.760,164.466,0
193.036,-89.577,165.167,0
191.994,-89.407,165.944,0
190.579,-89.187,167.567,0
189.192,-88.939,169.265,0
188.515,-88.877,170.270,0
188.198,-88.843,171.013,0
187.652,-88.779,171.837,0
186.993,-88.570,172.670,0
186.188,-88.465,173.688,0
185.483,-88.408,174.582,0
184.906,-88.227,175.588,0
184.972,-88.389,176.004,0
184.078,-88.251,177.326,0
183.357,-87.992,178.403,0
182.664,-87.810,179.260,0
181.982,-87.686,179.779,0
181.142,-87.542,180.579,0
180.195,-87.327,181.688,0
179.525,-87.134,182.648,0
178.904,-86.989,183.599,0
178.383,-87.062,184.889,0
178.401,-87.370,185.546,0
177.759,-87.322,186.818,0
176.649,-86.986,188.285,0
175.896,-86.785,189.358,0
175.114,-86.547,190.167,0
174.240,-86.142,191.082,0
173.537,-85.782,192.109,0
172.672,-85.132,193.533,0
172.082,-84.682,194.249,0
171.460,-84.188,195.079,0
171.168,-83.538,195.471,0
171.230,-83.598,195.513,0
171.034,-83.488,195.849,0
170.617,-83.426,196.620,0
170.319,-82.289,197.338,0
170.194,-82.191,197.654,0
170.179,-82.007,197.935,0
170.604,-82.348,197.695,0
170.472,-82.522,198.275,0
170.552,-82.456,198.730,0
170.722,-82.150,198.666,0
170.371,-81.576,199.124,0
170.187,-81.326,199.403,0
170.147,-81.566,199.438,0
170.489,-81.341,199.145,0
170.695,-81.846,198.771,0
170.517,-81.929,198.997,0
170.158,-81.176,199.371,0
169.815,-81.236,199.626,0
169.567,-81.156,200.009,0
169.629,-81.149,200.005,0
169.541,-80.683,200.162,0
169.241,-80.336,-159.326,0
168.999,-80.419,-159.110,0
169.106,-80.276,-159.324,0
168.895,-80.011,-159.157,0
168.762,-79.919,-159.014,0
168.531,-79.840,-158.796,0
168.473,-79.891,-158.578,0
168.300,-79.852,-158.304,0
168.421,-79.865,-158.467,0
168.921,-78.746,-159.187,0
169.362,-78.995,-159.683,0
169.698,-79.206,200.019,0
170.006,-79.327,199.801,0
170.207,-78.997,199.669,0
170.504,-78.986,199.374,0
170.653,-79.161,199.327,0
170.745,-79.160,199.357,0
170.990,-79.472,199.204,0
171.206,-79.453,198.985,0
171.292,-79.353,199.011,0
171.370,-79.558,198.996,0
171.483,-79.483,198.972,0
171.711,-79.698,198.862,0
172.121,-80.028,198.548,0
172.300,-79.768,198.384,0
172.587,-79.831,198.139,0
172.607,-79.301,198.251,0
172.867,-79.449,198.095,0
172.976,-79.821,198.173,0
173.207,-79.638,197.999,0
173.050,-79.036,198.317,0
173.379,-75.374,196.620,0
173.481,-62.398,191.840,0
180.807,-60.641,199.942,0
179.951,-55.437,199.812,0
180.635,-53.973,196.989,0
182.497,-53.090,192.090,0
189.924,-50.826,192.474,0
181.937,-47.968,193.877,0
179.596,-53.316,191.988,0
165.079,-59.670,199.602,0
157.459,-65.865,-158.838,0
151.756,-73.823,-157.751,0
137.400,-81.768,-146.031,0
 93.790,-78.599,-105.757,0
 79.835,-81.794,-97.891,0
 74.256,-81.274,-96.475,0
 53.345,-82.054,-76.146,0
 35.576,-79.890,-57.479,0
 22.234,-75.953,-44.915,0
 12.722,-71.220,-36.424,0
  6.025,-65.890,-30.333,0
  1.070,-60.269,-31.715,0
 -7.577,-59.455,-37.538,0
-14.204,-56.087,-29.090,0
-17.121,-51.045, -9.199,0
-17.427,-44.762, -8.214,0
-19.716,-39.988, -7.159,0
-20.480,-34.605, -6.865,0
-20.192,-29.222, -6.987,0
-19.957,-24.320, -6.896,0
-21.540,-21.092, -6.435,0
-21.975,-21.041, -7.882,0
-20.935,-17.416, -7.320,0
-19.792,-13.836, -6.717,0
-18.123,-10.922, -5.538,0
-16.534, -9.152, -4.719,0
-14.729, -7.085, -4.059,0
-12.820, -5.810, -3.111,0
-11.029, -4.796, -2.226,0
 -9.327, -3.291, -1.708,0
 -7.668, -3.353, -1.014,0
 -6.133, -2.100, -0.668,0
 -4.641, -1.456,  0.170,0
 -3.498, -0.454,  0.259,0
 -2.394, -0.045,  0.610,0
 -1.148,  0.052,  1.132,0
 -0.255, -0.625,  1.735,0
  0.638, -0.206,  1.936,0
  1.455, -0.148,  2.068,0
  2.112,  0.815,  1.864,0
  2.918,  0.643,  2.379,0
  3.498,  0.331,  2.607,0
  3.917,  0.736,  2.648,0
  4.016,  1.043,  2.521,0
  4.262,  1.107,  2.565,0
  4.247,  1.578,  2.435,0
  3.325,  1.140,  0.352,0
  3.192,  0.466,  1.212,0
  3.325,  0.157,  1.506,0
  3.621,  0.709,  1.453,0
  3.724,  0.879,  1.514,0
  3.862,  1.279,  1.501,0
  3.924,  0.835,  1.697,0
  3.929,  1.077,  1.655,0
  3.905,  1.429,  1.495,0
  4.252,  1.351,  1.819,0
  4.640,  0.950,  2.278,0
  5.233,  2.129,  1.880,0
  5.296,  1.308,  2.277,0
  5.359,  1.998,  2.024,0
  5.265,  2.001,  2.203,0
  5.230,  1.558,  2.055,0
  5.285,  1.969,  1.874,0
  5.679,  1.748,  1.943,0
  4.974,  2.653,  1.167,0
  4.908,  1.649,  1.359,0
  4.633,  1.277,  1.444,0
  4.101,  0.805,  0.986,0
  4.419,  0.784,  0.666,0
  4.308,  0.876,  0.995,0
  4.138,  1.248,  0.823,0
  4.706,  0.924,  1.121,0
  6.285, -1.531,  3.225,0
  5.798,  2.452,  2.358,0
  5.863,  4.538,  3.332,0
  5.982,  4.905,  3.544,0
  4.662,  7.792,  2.742,0
  5.837,  5.417,  4.140,0
  6.950,  4.895,  4.151,0
  7.155,  4.365,  4.028,0
  7.190,  3.642,  4.424,0
  7.759,  3.484,  4.357,0
  7.976,  4.407,  3.701,0
  8.476,  4.295,  3.807,0
  9.575,  4.266,  4.431,0
  9.492,  4.141,  5.045,0
  9.330,  4.367,  5.753,0
  9.489,  4.760,  5.654,0
  9.416,  4.903,  5.656,0
  9.706,  4.517,  5.562,0
  9.598,  5.302,  5.133,0
  9.617,  4.937,  5.264,0
  9.667,  3.421,  5.807,0
  8.935,  4.194,  5.364,0
  8.793,  4.350,  5.068,0
  8.920,  3.761,  5.090,0
  9.083,  4.181,  4.767,0
  8.305,  4.296,  3.862,0
  9.111,  1.287,  1.673,0
  8.756,  1.719,  2.869,0
  8.473,  2.375,  3.559,0
  8.398,  3.149,  3.999,0
  7.793,  2.952,  4.224,0
  7.735,  3.092,  4.683,0
  8.099,  2.794,  4.812,0
  7.847,  1.999,  4.881,0
  7.750,  2.708,  4.506,0
  7.687,  2.851,  4.332,0
  7.539,  2.222,  4.400,0
  7.622,  2.475,  4.326,0
  7.453,  2.584,  4.179,0
  7.384,  1.012,  2.549,0
  7.486,  1.823,  3.575,0
  7.527,  2.268,  3.958,0
  7.613,  2.537,  4.235,0
  7.711,  2.331,  4.468,0
  7.855,  2.425,  4.602,0
  7.532,  2.685,  4.126,0
  7.376,  2.974,  3.920,0
  7.132,  2.214,  4.487,0
  7.185,  2.536,  4.400,0
  7.289,  3.414,  4.168,0
  7.533,  3.144,  4.475,0
  7.646,  3.112,  4.474,0
  7.373,  2.804,  7.194,0
  7.622,  3.165,  5.960,0
  7.836,  2.146,  5.606,0
  7.475,  2.755,  4.753,0
  7.756,  3.150,  4.645,0
  7.646,  2.810,  4.907,0
  8.072,  3.105,  4.281,0
  6.585,  3.435,  2.452,0
  6.367,  1.695,  4.457,0
  6.490,  2.780,  3.968,0
  7.783,  3.549,  6.047,0
  6.906,  4.471,  4.976,0
  5.899,  3.353,  4.624,0
  6.218,  2.909,  4.530,0
  8.381,  0.380,  6.010,0
  8.589,  2.268,  5.234,0
  7.923,  3.103,  4.578,0
  7.067,  2.941,  4.713,0
  6.751,  2.682,  4.163,0
  6.873,  2.329,  4.185,0
  6.591,  3.710,  4.233,0
  7.005,  3.137,  4.739,0
  7.219,  3.496,  4.719,0
  7.359,  2.736,  4.990,0
  7.384,  3.272,  4.945,0
  7.711,  3.571,  4.709,0
  6.876,  0.056,  6.035,0
  6.708,  1.109,  5.086,0
  6.692,  2.709,  4.338,0
  6.774,  2.688,  4.211,0
  6.159,  1.849,  4.385,0
  5.924,  1.771,  4.005,0
  5.857,  2.118,  3.895,0
  5.668,  2.384,  3.523,0
  5.690,  1.953,  3.856,0
  5.609,  2.463,  3.710,0
  5.825,  3.166,  3.542,0
  5.827,  3.565,  3.375,0
  6.468,  3.039,  4.190,0
  6.535,  2.862,  4.214,0
  6.461,  2.659,  4.095,0
  6.774,  2.877,  4.295,0
  6.964,  3.339,  4.224,0
  7.444,  4.131,  4.401,0
  7.873,  3.517,  4.646,0
  8.420,  3.116,  5.463,0
  8.497,  5.576,  5.152,0
  8.786,  5.192,  5.598,0
  8.731,  4.701,  5.676,0
  8.942,  4.604,  5.721,0
  9.346,  4.972,  5.736,0
  9.567,  4.059,  6.020,0
  9.986,  3.519,  6.109,0
  9.910,  3.011,  6.082,0
 10.068,  2.586,  6.374,0
 10.001,  2.238,  6.036,0
 11.367,  4.326,  5.055,0
 13.087,  4.570,  7.250,0
 13.151,  4.648,  7.423,0
 13.551,  5.414,  7.450,0
 13.087,  3.962,  8.098,0
 12.977,  5.055,  8.069,0
 13.048,  5.005,  8.368,0
 12.954,  5.561,  8.000,0
 12.414,  4.293,  7.967,0
 12.224,  4.127,  7.772,0
 12.066,  4.966,  7.288,0
 12.289,  4.367,  7.459,0
 12.256,  4.501,  7.428,0
 12.128,  4.828,  7.070,0
 11.809,  3.305,  7.445,0
 11.546,  3.129,  7.221,0
 11.502,  3.366,  7.109,0
 11.407,  3.819,  6.987,0
 11.105,  2.614,  7.144,0
 10.768,  3.861,  6.473,0
 10.913,  4.533,  6.372,0
 11.034,  4.269,  6.617,0
 11.115,  4.357,  6.757,0
 11.474,  5.003,  6.794,0
 11.656,  5.321,  6.686,0
 11.453,  4.526,  6.831,0
 11.436,  4.615,  6.782,0
 11.103,  4.239,  6.617,0
 10.944,  3.899,  6.758,0
 10.886,  3.091,  6.854,0
 10.533,  2.881,  6.552,0
 10.545,  4.343,  6.221,0
 10.902,  4.517,  6.441,0
 11.025,  3.925,  6.750,0
 11.065,  3.917,  6.738,0
 11.013,  4.455,  6.360,0
 10.997,  4.365,  6.377,0
 11.024,  4.128,  6.601,0
 11.007,  4.043,  6.680,0
 11.116,  3.263,  7.051,0
 10.913,  2.838,  7.018,0
 10.734,  3.010,  6.745,0
 10.097,  3.298,  6.287,0
  9.955,  2.915,  6.642,0
 10.033,  4.274,  6.320,0
 10.371,  3.783,  6.450,0
 10.274,  3.159,  6.636,0
 10.370,  3.671,  6.365,0
 10.225,  3.591,  6.347,0
 10.232,  3.338,  6.235,0
 10.170,  3.912,  5.954,0
 10.141,  4.047,  6.015,0
 10.238,  4.213,  5.979,0
 10.168,  4.486,  5.874,0
 10.220,  1.570,  7.431,0
 10.134,  3.105,  6.353,0
  9.723,  3.272,  6.014,0
  9.740,  3.406,  5.930,0
  9.638,  4.380,  5.652,0
  9.743,  3.990,  5.756,0
  9.699,  3.416,  5.822,0
  9.601,  4.093,  5.365,0
  9.595,  3.439,  5.576,0
  9.426,  3.841,  5.388,0
  9.254,  4.406,  5.099,0
  9.283,  3.938,  5.367,0
  9.485,  3.363,  5.616,0
  9.405,  3.299,  4.842,0
  9.448,  3.357,  5.321,0
  9.309,  3.150,  5.351,0
  9.070,  3.582,  5.253,0
  9.100,  3.139,  5.277,0
  9.730,  3.534,  5.680,0
  8.685,  3.513,  6.122,0
  8.709,  3.586,  5.781,0
  8.907,  3.846,  5.570,0
  9.071,  2.866,  5.888,0
  9.120,  3.442,  5.321,0
  8.538,  2.764,  5.225,0
  8.721,  2.614,  5.498,0
  7.906,  4.224,  4.459,0
  8.455,  3.962,  5.100,0
  8.745,  3.521,  5.424,0
  8.692,  2.838,  5.366,0
  8.753,  3.378,  5.354,0
  8.678,  4.319,  4.864,0
  8.821,  3.500,  5.268,0
  8.452,  3.912,  4.901,0
  8.450,  3.579,  5.371,0
  8.658,  3.470,  5.392,0
  8.761,  2.813,  5.431,0
  8.909,  3.018,  5.277,0
  9.539,  2.338,  5.998,0
 11.637,  1.810,  6.178,0
 14.055,  2.416,  6.679,0
 16.839,  2.997,  7.193,0
 19.558,  3.507,  8.091,0
 22.990,  5.506,  7.269,0
 28.073,  6.940,  8.344,0
 31.962,  9.458, 11.347,0
 36.244, 13.071, 17.741,0
 41.745, 14.633, 26.820,0
 45.477, 14.010, 33.261,0
 46.035, 13.868, 35.625,0
 46.348, 14.371, 36.794,0
 47.071, 15.496, 38.857,0
 47.423, 17.698, 40.774,0
 47.969, 18.928, 42.791,0
 47.471, 19.033, 43.322,0
 46.560, 20.349, 42.705,0
 45.560, 20.466, 41.476,0
 42.890, 20.537, 38.844,0
 41.460, 20.769, 37.895,0
 39.641, 20.118, 37.063,0
 39.160, 21.089, 37.160,0
 39.398, 22.462, 38.193,0
 39.625, 23.357, 39.111,0
 37.686, 23.662, 37.299,0
 36.899, 24.882, 37.464,0
 37.242, 26.462, 38.684,0
 37.412, 27.485, 39.896,0
 37.406, 28.137, 41.485,0
 36.926, 29.279, 41.638,0
 37.895, 31.049, 42.864,0
 38.511, 32.413, 43.874,0
 38.873, 33.723, 44.671,0
 38.576, 34.669, 45.028,0
 38.443, 35.354, 45.671,0
 38.814, 36.010, 46.186,0
 38.795, 36.635, 46.112,0
 39.292, 37.383, 46.944,0
 40.326, 37.809, 48.831,0
 40.714, 38.064, 50.520,0
 41.468, 38.507, 52.408,0
 42.180, 38.596, 54.370,0
 42.785, 37.992, 56.428,0
 43.569, 38.497, 58.499,0
 44.885, 39.385, 60.845,0
 45.691, 40.140, 62.762,0
 45.609, 40.462, 64.136,0
 45.648, 40.620, 65.631,0
 45.970, 40.582, 67.229,0
 46.997, 40.470, 69.585,0
 47.230, 40.712, 71.321,0
 48.554, 41.383, 74.558,0
 50.468, 42.097, 77.704,0
 51.671, 42.478, 80.129,0
 52.127, 42.810, 82.088,0
 51.726, 42.645, 83.404,0
 51.150, 42.561, 83.995,0
 52.191, 43.030, 86.372,0
 53.080, 43.674, 88.679,0
 53.698, 43.785, 90.923,0
 53.910, 43.558, 92.721,0
 54.337, 43.169, 93.906,0
 56.007, 43.136, 96.901,0
 58.958, 43.105,100.737,0
 61.283, 43.211,103.659,0
 64.882, 42.644,108.576,0
 67.240, 42.120,112.853,0
 66.871, 42.323,115.191,0
 66.235, 42.470,116.255,0
 65.356, 42.028,117.440,0
 64.914, 41.389,118.341,0
 63.579, 40.996,117.818,0
 61.804, 40.936,117.114,0
 61.273, 40.286,118.506,0
 61.518, 39.867,120.555,0
 61.625, 39.793,122.602,0
 61.600, 39.456,124.674,0
 61.800, 39.077,127.104,0
 62.734, 38.331,130.157,0
 63.735, 37.550,132.846,0
 64.042, 37.137,135.033,0
 64.324, 36.578,137.342,0
 64.527, 35.082,140.877,0
 64.233, 35.410,141.385,0
 64.351, 35.803,141.791,0
 64.082, 35.981,141.956,0
 65.751, 34.651,143.359,0
 65.958, 34.212,144.938,0
 65.129, 34.038,144.700,0
 65.073, 33.780,145.106,0
 65.417, 32.814,145.806,0
 67.089, 31.261,145.244,0
 68.354, 30.141,145.997,0
 67.022, 30.439,145.915,0
 66.324, 30.440,146.595,0
 67.973, 29.704,149.049,0
 68.798, 30.299,150.547,0
 68.456, 31.008,150.251,0
 68.169, 31.840,150.499,0
 67.869, 32.884,150.714,0
 66.723, 34.008,150.378,0
 65.104, 35.302,150.261,0
 63.812, 37.471,150.879,0
 63.894, 40.207,151.860,0
 61.892, 41.073,151.261,0
 59.475, 41.319,150.695,0
 57.839, 41.198,150.591,0
 56.035, 40.543,149.018,0
 54.723, 40.497,147.830,0
 52.272, 41.245,146.046,0
 51.358, 40.680,145.454,0
 50.723, 40.875,145.380,0
 50.569, 40.807,145.879,0
 50.616, 40.717,146.528,0
 50.388, 40.662,146.946,0
 49.617, 40.625,147.024,0
 50.264, 44.799,148.109,0
 51.620, 45.025,151.419,0
 50.544, 47.228,152.640,0
 49.189, 47.475,154.008,0
 48.181, 48.089,155.075,0
 46.956, 48.805,156.267,0
 44.773, 48.796,155.863,0
 42.476, 49.157,154.022,0
 40.608, 49.121,152.439,0
 38.307, 50.293,151.949,0
 37.728, 51.097,153.379,0
 36.747, 51.156,155.751,0
 36.230, 51.538,156.838,0
 36.492, 52.324,157.417,0
 36.541, 52.367,158.785,0
 36.542, 51.052,159.338,0
 36.349, 50.034,159.473,0
 36.301, 48.958,159.848,0
 36.051, 47.879,160.312,0
 36.381, 46.751,161.435,0
 37.658, 45.980,162.666,0
 39.356, 43.164,163.221,0
 39.534, 42.115,164.611,0
 39.863, 41.555,166.532,0
 40.966, 39.828,169.088,0
 42.008, 37.277,171.917,0
 41.399, 36.541,172.099,0
 40.969, 36.057,172.467,0
 40.680, 35.619,172.920,0
 40.418, 35.305,173.256,0
 40.060, 34.994,173.594,0
 39.686, 34.909,173.776,0
 39.040, 34.944,173.285,0
 39.245, 35.094,173.381,0
 38.699, 35.102,173.010,0
 38.011, 35.029,172.697,0
 37.031, 35.271,171.695,0
 36.271, 35.179,171.447,0
 35.387, 35.150,171.047,0
 34.934, 35.083,171.494,0
 35.345, 35.160,172.615,0
 35.031, 35.929,172.394,0
 34.631, 35.804,172.726,0
 34.527, 35.604,173.345,0
 34.671, 35.766,174.211,0
 34.639, 35.581,175.043,0
 34.965, 35.147,176.078,0
 35.321, 35.047,176.917,0
 35.588, 34.327,177.889,0
 35.727, 34.197,178.261,0
 36.825, 32.612,180.511,0
 40.114, 31.144,184.548,0
 42.623, 30.607,187.371,0
 43.528, 30.254,188.441,0
 45.290, 30.048,192.486,0
 45.331, 30.661,193.084,0
 45.368, 31.012,193.895,0
 45.554, 31.796,192.165,0
 41.204, 26.637,190.448,0
 39.514, 27.014,188.058,0
 38.162, 26.758,187.061,0
 37.382, 24.136,188.814,0
 38.587, 22.661,195.343,0
 38.858, 22.874,197.644,0
 25.750,  0.696,170.001,0
 37.772, -5.742,163.212,0
 43.086, -5.723,159.904,0
 49.924, -9.738,157.066,0
 52.655, -9.514,146.785,0
 56.273, -9.341,144.119,0
 58.552,-12.602,138.395,0
 62.522,-12.293,132.782,0
 66.086,-12.962,134.210,0
 67.556,-11.652,139.080,0
 70.078, -5.237,149.298,0
 74.336, -0.061,158.799,0
 78.408,  6.501,163.653,0
 78.821, 10.003,172.736,0
 80.494, 11.992,178.656,0
 82.438, 13.562,183.982,0
 83.182, 14.948,191.276,0
 84.715, 16.095,197.244,0
 86.455, 16.591,-157.149,0
 87.879, 17.081,-153.900,0
 86.937, 17.538,-149.504,0
 85.118, 17.549,-144.171,0
 83.931, 17.915,-140.566,0
 84.363, 18.496,-141.323,0
 86.815, 17.027,-152.585,0
 87.787, 17.491,-158.188,0
 88.787, 18.164,196.733,0
 90.664, 19.621,192.670,0
 92.177, 24.198,186.194,0
 92.119, 29.572,178.773,0
 89.777, 31.256,172.607,0
 86.697, 35.189,162.768,0
 81.296, 38.712,152.257,0
 72.958, 42.317,140.706,0
 64.499, 44.706,128.587,0
 55.019, 45.982,115.703,0
 45.819, 46.877,102.584,0
 35.476, 49.661, 90.409,0
 24.895, 49.047, 75.611,0
 15.262, 47.693, 60.810,0
 10.850, 43.390, 49.034,0
  5.837, 38.841, 34.878,0
  2.571, 33.818, 25.189,0
  0.552, 28.454, 18.385,0
  0.567, 22.806, 11.676,0
  0.954, 17.595,  8.391,0
  2.196, 12.622,  6.136,0
  3.155,  8.871,  5.095,0
  3.720,  5.605,  4.226,0
  4.160,  3.595,  3.701,0
  4.347,  3.428,  3.015,0
  4.459,  2.587,  2.768,0
  4.525,  2.603,  2.307,0
  4.553,  1.990,  1.904,0
  4.661,  1.895,  2.487,0
  4.674,  1.719,  2.235,0
  4.540,  1.793,  2.034,0
  4.627,  1.281,  2.250,0
  4.466,  1.881,  1.875,0
  4.265,  1.183,  1.864,0
  4.260,  0.795,  1.902,0
  4.053,  0.590,  1.674,0
  3.903,  0.126,  1.761,0
  3.853,  0.934,  1.472,0
  3.754,  0.824,  1.521,0
  3.809,  1.300,  1.368,0
  3.489,  0.936,  1.790,0
  2.728,  0.197,  4.248,0
  1.724, -2.151,  1.418,0
  1.581, -3.654,  2.088,0
  1.727, -2.010,  0.652,0
  2.115, -1.008,  0.664,0
  0.659, -0.273, -1.031,0
  0.915,  0.736,  0.670,0
  0.438,  2.374,  6.926,0
 -0.793,  2.763, 10.428,0
 -2.297,  2.581,  8.731,0
 -3.959,  2.305,  7.628,0
 -6.339,  0.976,  4.177,0
 -7.606, -0.735,  2.594,0
 -8.513, -2.468,  1.987,0
 -7.673, -4.652,  1.879,0
 -8.649, -6.619, -1.510,0
 -9.076, -8.673, -4.009,0
 -9.281,-11.008, -5.780,0
 -9.349,-13.196, -7.830,0
 -9.211,-15.189, -9.982,0
 -9.478,-16.974,-11.272,0
 -9.304,-19.072,-12.446,0
 -8.936,-20.636,-15.294,0
 -8.420,-22.079,-16.835,0
 -7.672,-23.489,-18.479,0
 -6.749,-24.897,-19.701,0
 -5.801,-26.656,-20.921,0
 -4.978,-28.302,-20.772,0
 -3.877,-29.518,-23.156,0
 -2.724,-30.240,-24.885,0
 -1.685,-31.042,-25.699,0
 -0.518,-31.724,-27.338,0
  0.780,-32.244,-29.291,0
  1.138,-31.728,-35.541,0
 -0.011,-34.048,-58.828,0
 -7.407,-33.069,-70.179,0
-16.161,-35.113,-73.664,0
-19.068,-36.913,-69.576,0
-21.986,-37.273,-61.583,0
-23.730,-33.062,-54.757,0
-23.675,-27.465,-48.638,0
-22.700,-22.890,-40.889,0
-20.163,-18.213,-36.365,0
-16.396,-13.111,-32.063,0
-13.677,-10.171,-28.198,0
-11.764, -8.546,-23.063,0
 -8.205, -6.161,-17.180,0
 -3.170, -3.313,-10.689,0
  0.959, -1.962, -4.294,0
  8.460,  0.041, -4.364,0
  9.499, -0.007, -0.090,0
 10.398,  0.644,  2.471,0
 13.318,  0.962,  2.219,0
 13.803,  0.526,  6.040,0
 13.217,  0.490,  5.513,0
 11.530, -0.270,  4.719,0
  7.704, -1.687,  9.308,0
  6.724, -4.646,  8.817,0
  4.548, -1.606,  4.975,0
  0.387, -0.574,  3.286,0
 -3.169, -0.846,  2.391,0
 -3.979, -1.088,  0.877,0
 -5.493, -2.668, -1.130,0
 -6.821, -3.212, -2.188,0
 -8.652, -4.359,  0.416,0
-10.613, -2.623,  0.891,0
-10.011, -2.780, -1.509,0
-11.263, -1.988,  0.321,0
-15.147, -2.165, -0.741,0
-19.875, -4.114, -2.228,0
-19.867, -5.743, -3.747,0
-19.318, -6.302, -4.102,0
-20.240, -9.111,  1.801,0
-25.790,-11.168, -2.141,0
-35.244,-15.950, -7.206,0
-34.152,-15.246, -7.441,0
-33.157,-15.095, -7.210,0
-31.853,-14.519, -6.853,0
-52.454,-18.745, -6.861,0
-50.215,-18.956, -6.673,0
-51.467,-20.174, -7.297,0
-51.681,-21.177, -5.119,0
-48.174,-20.835, -5.910,0
-45.971,-20.409, -5.708,0
-45.846,-21.022, -5.820,0
-42.314,-19.694, -5.723,0
-43.496,-20.892, -6.902,0
-43.688,-20.833, -6.617,0
-45.771,-21.197, -5.883,0
-45.730,-21.348, -5.281,0
-45.758,-21.111, -5.800,0
-46.130,-21.098, -6.337,0
-45.988,-20.787, -7.366,0
-48.029,-21.447, -8.385,0
-49.343,-22.595, -9.957,0
-49.659,-22.841, -9.530,0
-48.508,-22.433,-10.059,0
-47.575,-22.276, -9.756,0
-46.281,-21.745, -9.334,0
-45.103,-21.602, -9.115,0
-43.790,-20.891, -8.946,0
-42.341,-20.093, -8.827,0
-41.015,-19.371, -8.833,0
-39.685,-19.012, -8.205,0
-38.292,-18.702, -7.514,0
-37.050,-18.008, -7.067,0
-35.859,-17.576, -6.605,0
-34.832,-17.025, -6.197,0
-33.745,-16.465, -5.913,0
-32.778,-16.000, -5.775,0
-31.962,-15.843, -5.748,0
-31.185,-15.570, -5.820,0
-30.368,-15.187, -5.921,0
-29.128,-14.323, -5.964,0
-28.234,-14.061, -5.592,0
-27.585,-13.899, -5.141,0
-27.038,-13.987, -4.734,0
-26.489,-13.811, -4.764,0
-25.917,-13.302, -4.651,0
-25.416,-12.920, -4.602,0
-24.874,-12.574, -4.405,0
-23.966,-12.728, -4.091,0
-23.496,-12.402, -4.484,0
-22.839,-12.008, -4.851,0
-22.480,-11.728, -4.896,0
-22.237,-11.666, -5.056,0
-22.106,-11.774, -5.405,0
-21.957,-11.547, -5.837,0
-21.884,-11.525, -5.982,0
-21.869,-11.387, -5.920,0
-21.820,-11.567, -5.825,0
-21.756,-11.567, -5.747,0
-21.797,-11.479, -5.834,0
-21.874,-11.214, -5.758,0
-21.846,-11.639, -5.682,0
-21.882,-11.966, -5.327,0
-21.921,-11.872, -5.109,0
-22.319,-11.551, -5.069,0
-22.352,-11.325, -4.995,0
-22.176,-11.149, -4.968,0
-22.098,-11.650, -4.858,0
-21.967,-11.767, -4.571,0
-21.733,-11.420, -4.447,0
-21.516,-11.548, -4.784,0
-19.093,-10.680, -4.713,0
-18.767,-10.035, -4.986,0
-18.739, -9.967, -4.958,0
-18.827, -9.662, -4.520,0
-18.924, -9.825, -4.684,0
-18.891, -9.565, -4.743,0
-18.949, -9.367, -4.759,0
-18.868, -9.870, -4.810,0
-18.775,-10.009, -4.786,0
-18.493,-10.151, -4.566,0
-18.489,-10.259, -4.560,0
-17.926, -9.636, -4.653,0
-17.490, -9.354, -4.680,0
-16.790, -8.958, -5.044,0
-16.826, -8.892, -4.528,0
-16.988, -8.834, -3.949,0
-17.123, -9.181, -4.047,0
-17.231, -9.868, -3.311,0
-17.485, -9.635, -3.713,0
-17.594, -9.531, -4.522,0
-17.686,-10.048, -3.985,0
-17.868,-10.084, -4.319,0
-18.170, -9.857, -4.015,0
-19.309,-10.557, -4.510,0
-20.338,-11.019, -4.478,0
-21.263,-11.266, -4.754,0
-21.695,-11.248, -5.087,0
-21.624,-11.045, -5.502,0
-21.587,-11.431, -5.435,0
-21.342,-11.329, -5.290,0
-21.077,-11.274, -4.216,0
-19.170,-10.682, -2.274,0
-19.076,-10.688, -3.652,0
-19.175,-10.777, -5.242,0
-19.253,-10.833, -7.059,0
-19.407,-10.692, -7.910,0
-19.561,-10.867, -7.354,0
-19.937,-11.128, -6.899,0
-19.990,-11.469, -6.223,0
-20.061,-11.560, -5.699,0
-19.914,-11.262, -5.172,0
-18.408,-10.498, -3.144,0
-14.030, -8.522, -2.244,0
-10.326, -7.468, -2.355,0
 -6.048, -6.698, -2.901,0
 -1.933, -5.359, -2.853,0
 -1.770, -5.933, -6.390,0
  1.104, -3.175,  4.859,0
  4.972, -0.543,  4.372,0
  6.605, -1.077,  2.677,0
  9.068, -0.286,  2.287,0
 11.604,  0.818,  2.501,0
 15.457,  3.485,  6.594,0
 21.886,  4.141,  5.262,0
 30.714,  6.674, 10.933,0
 35.216,  7.385, 12.400,0
 37.201,  8.808, 18.416,0
 34.477,  9.386, 17.314,0
 27.064,  7.230, 12.778,0
 21.435,  5.500,  9.635,0
 17.370,  4.046,  5.981,0
 11.269,  1.498, -0.247,0
  4.753, -1.335, -0.237,0
  1.723, -1.827, -2.179,0
 -0.857, -3.545, -3.707,0
 -2.549, -5.276, -4.205,0
 -3.635, -5.954, -4.398,0
 -4.641, -7.407, -5.026,0
 -2.689, -6.190, -3.223,0
  1.504, -4.724, -2.946,0
  4.777, -3.187, -3.947,0
  4.378, -3.182, -4.720,0
  3.554, -3.355, -2.873,0
  2.641, -2.860, -1.349,0
  3.007, -0.689, -2.808,0
  2.747, -0.660, -0.775,0
  0.996, -0.830,  0.973,0
  0.120, -1.082,  0.202,0
 -0.374, -1.348,  0.320,0
 -3.344, -1.418, -1.016,0
 -4.982, -1.906, -2.462,0
 -6.543, -3.045, -3.522,0
 -7.490, -4.033, -3.934,0
 -8.443, -5.102, -4.249,0
 -9.180, -6.396, -5.110,0
 -9.753, -7.315, -5.741,0
 -9.918, -8.260, -6.297,0
-10.306, -9.084, -6.127,0
-10.855, -9.403, -6.157,0
-11.138, -9.144, -6.332,0
-11.767, -9.067, -5.203,0
-11.971, -9.485, -5.755,0
-11.940, -9.162, -6.007,0
-11.583, -9.002, -6.282,0
-12.002, -9.062, -6.233,0
-12.414, -9.404, -6.210,0
-12.772, -9.252, -6.307,0
-12.368, -9.627, -7.035,0
-12.435,-10.536, -7.064,0
-14.253,-11.909, -7.785,0
-14.535,-12.788, -7.777,0
-14.882,-13.314, -7.932,0
-15.205,-13.719, -7.954,0
-15.420,-13.397, -8.062,0
-15.688,-13.426, -8.153,0
-15.922,-13.115, -8.274,0
-16.081,-13.295, -8.254,0
-16.320,-13.080, -8.215,0
-16.507,-13.426, -8.229,0
-16.754,-13.889, -8.260,0
-16.909,-13.908, -8.416,0
-17.043,-14.049, -8.411,0
-17.213,-14.414, -8.448,0
-17.472,-14.620, -8.592,0
-17.565,-14.890, -8.753,0
-17.660,-15.012, -8.772,0
-17.777,-15.035, -8.641,0
-17.790,-14.978, -8.625,0
-17.824,-15.105, -8.634,0
-17.964,-15.197, -8.696,0
-18.031,-15.074, -8.735,0
-18.135,-15.080, -8.827,0
-18.197,-14.821, -8.912,0
-18.344,-14.980, -8.785,0
-18.539,-15.113, -8.542,0
-18.559,-15.001, -8.618,0
-18.705,-14.852, -8.570,0
-18.816,-14.820, -8.634,0
-18.782,-14.829, -8.605,0
-18.912,-14.917, -8.759,0
-18.984,-14.975, -8.536,0
-18.917,-14.565, -8.622,0
-18.895,-14.815, -8.748,0
-18.922,-15.030, -8.828,0
-18.932,-15.312, -8.892,0
-19.000,-15.124, -8.885,0
-18.930,-14.697, -8.868,0
-18.923,-15.341, -8.759,0
-19.030,-15.490, -8.736,0
-19.008,-15.529, -8.815,0
-19.169,-15.574, -8.708,0
-19.205,-15.174, -8.861,0
-19.289,-15.278, -8.941,0
-19.360,-15.429, -9.137,0
-19.359,-15.530, -9.108,0
-19.458,-15.518, -8.953,0
-19.434,-15.485, -8.771,0
-19.492,-15.657, -8.850,0
-19.495,-15.381, -8.913,0
-19.528,-15.302, -8.879,0
-19.603,-15.464, -8.900,0
-19.583,-15.915, -8.896,0
-19.672,-16.170, -9.042,0
-19.761,-16.186, -9.053,0
-19.667,-15.552, -9.060,0
-19.645,-15.356, -8.989,0
-19.617,-15.451, -9.070,0
-19.612,-16.036, -8.919,0
-19.630,-15.839, -9.071,0
-19.567,-15.814, -8.960,0
-19.561,-15.631, -8.977,0
-19.528,-15.565, -8.920,0
-19.476,-15.082, -8.922,0
-19.520,-15.745, -8.867,0
-19.557,-15.741, -8.961,0
-19.476,-15.703, -8.991,0
-19.450,-15.837, -8.899,0
-19.430,-15.896, -8.957,0
-19.482,-16.426, -8.834,0
-19.550,-16.393, -8.981,0
-19.517,-16.044, -9.021,0
-19.579,-16.233, -9.033,0
-19.673,-16.490, -8.934,0
-19.693,-16.194, -8.976,0
-19.710,-16.128, -8.960,0
-19.667,-15.942, -9.010,0
-19.608,-15.875, -8.958,0
-19.667,-15.844, -8.954,0
-19.580,-15.604, -8.931,0
-19.662,-15.741, -8.831,0
-19.667,-15.467, -8.912,0
-19.603,-15.379, -8.929,0
-19.526,-15.398, -8.859,0
-19.472,-15.091, -8.851,0
-19.559,-15.466, -8.858,0
-19.635,-16.094, -8.678,0
-19.587,-15.899, -8.702,0
-19.646,-16.249, -8.743,0
-19.614,-15.848, -8.684,0
-19.726,-16.010, -8.708,0
-19.716,-15.546, -8.568,0
-19.714,-15.567, -8.630,0
-19.698,-15.695, -8.759,0
-19.731,-15.538, -8.845,0
-20.068,-15.899, -8.678,0
-20.033,-15.871, -8.810,0
-20.143,-15.876, -8.791,0
-20.188,-15.491, -8.801,0
-20.026,-15.483, -8.730,0
-20.077,-15.685, -8.832,0
-20.161,-15.856, -8.838,0
-20.138,-16.003, -8.739,0
-20.078,-15.833, -8.834,0
-20.172,-16.116, -8.767,0
-20.139,-15.812, -8.864,0
-20.152,-16.012, -8.838,0
-20.210,-15.589, -8.792,0
-20.188,-15.234, -8.899,0
-20.250,-15.470, -8.925,0
-20.094,-15.520, -8.669,0
-20.031,-15.706, -8.687,0
-20.003,-15.677, -8.739,0
-19.891,-15.982, -8.733,0
-19.820,-15.908, -8.855,0
-19.807,-15.980, -8.803,0
-19.711,-15.532, -8.770,0
-19.715,-15.540, -8.710,0
-19.733,-15.898, -8.814,0
-19.861,-15.886, -8.966,0
-19.835,-15.828, -8.939,0
-19.690,-15.909, -8.897,0
-19.631,-15.889, -8.938,0
-19.695,-15.927, -8.907,0
-19.717,-15.406, -8.965,0
-19.773,-15.729, -8.784,0
-19.776,-15.941, -8.786,0
-19.819,-16.448, -8.751,0
-19.931,-16.901, -8.832,0
-20.003,-16.992, -8.844,0
-20.015,-16.612, -8.922,0
-19.979,-16.120, -8.922,0
-19.877,-15.789, -8.928,0
-19.843,-15.862, -8.664,0
-19.937,-15.701, -8.628,0
-19.914,-15.854, -8.704,0
-19.824,-15.895, -8.769,0
-19.994,-15.530, -8.558,0
-19.930,-15.780, -8.574,0
-20.038,-16.357, -8.625,0
-19.983,-15.832, -8.703,0
-20.023,-15.841, -8.735,0
-19.989,-16.101, -8.890,0
-20.046,-16.503, -8.961,0
-19.971,-16.221, -8.823,0
-20.081,-16.128, -8.650,0
-20.107,-15.914, -8.708,0
-20.149,-15.980, -8.757,0
-20.150,-16.070, -8.785,0
-20.287,-16.350, -8.797,0
-20.293,-16.139, -8.845,0
-20.166,-15.826, -8.950,0
-20.261,-15.907, -8.883,0
-20.215,-15.392, -8.905,0
-20.118,-15.175, -8.882,0
-20.036,-15.240, -8.844,0
-20.181,-15.604, -8.761,0
-20.245,-15.448, -8.768,0
-20.216,-15.738, -8.921,0
-20.101,-15.397, -8.917,0
-20.032,-15.609, -8.913,0
-20.128,-16.229, -8.707,0
-20.002,-16.001, -8.814,0
-19.965,-15.801, -8.930,0
-20.013,-15.375, -8.983,0
-19.955,-15.517, -8.902,0
-20.005,-15.772, -8.891,0
-20.050,-15.702, -8.958,0
-20.085,-15.672, -8.778,0
-20.145,-15.804, -8.717,0
-20.094,-15.808, -8.812,0
-20.050,-15.722, -8.783,0
-20.192,-15.788, -8.818,0
-20.200,-16.145, -8.854,0
-20.333,-16.215, -8.847,0
-20.380,-16.276, -8.864,0
-20.399,-16.311, -9.016,0
-20.332,-15.944, -8.995,0
-20.345,-15.901, -8.973,0
-20.341,-15.760, -8.734,0
-20.283,-15.373, -8.903,0
-20.215,-15.548, -8.803,0
-20.200,-15.208, -8.588,0
-20.177,-15.293, -8.691,0
-20.159,-14.914, -8.818,0
-20.155,-15.091, -8.762,0
-20.104,-15.416, -8.760,0
-20.143,-15.931, -8.714,0
-20.083,-15.891, -8.761,0
-19.997,-15.380, -8.901,0
-19.970,-15.456, -8.721,0
-19.962,-15.687, -8.785,0
-19.938,-15.507, -8.799,0
-19.896,-15.267, -8.863,0
-19.804,-14.941, -8.852,0
-19.814,-15.454, -8.820,0
-19.815,-15.755, -8.821,0
-19.841,-15.358, -8.579,0
-19.829,-15.620, -8.504,0
-19.844,-15.987, -8.443,0
-19.912,-16.009, -8.652,0
-19.907,-16.280, -8.668,0
-19.913,-16.309, -8.553,0
-20.018,-16.304, -8.533,0
-19.885,-15.775, -8.610,0
-19.852,-15.689, -8.554,0
-19.723,-15.648, -8.577,0
-19.711,-15.834, -8.573,0
-19.639,-15.472, -8.744,0
-19.476,-15.038, -8.703,0
-19.500,-14.965, -8.578,0
-19.583,-14.932, -8.834,0
-19.579,-14.856, -8.822,0
-19.512,-14.955, -8.525,0
-19.558,-15.726, -8.475,0
-19.567,-15.263, -8.624,0
-19.639,-15.273, -8.727,0
-19.739,-15.492, -8.682,0
-19.800,-15.674, -8.785,0
-19.682,-15.376, -8.834,0
-19.674,-15.614, -8.856,0
-19.766,-15.373, -8.617,0
-19.714,-15.051, -8.569,0
-19.709,-15.173, -8.511,0
-19.742,-15.468, -8.632,0
-19.770,-15.954, -8.923,0
-19.835,-16.034, -8.771,0
-19.902,-15.749, -8.683,0
-19.863,-15.844, -8.689,0
-19.705,-15.395, -8.766,0
-19.658,-15.279, -8.678,0
-19.703,-15.528, -8.688,0
-19.686,-15.674, -8.709,0
-19.593,-15.371, -8.751,0
-19.555,-15.205, -8.813,0
-19.540,-15.062, -8.801,0
-19.564,-14.961, -8.809,0
-19.439,-14.920, -8.855,0
-19.499,-15.118, -8.813,0
-19.539,-15.563, -8.641,0
-19.554,-15.957, -8.618,0
-19.539,-15.622, -8.793,0
-19.474,-16.002, -8.504,0
-19.549,-16.128, -8.618,0
-19.583,-15.877, -8.625,0
-19.662,-16.192, -8.690,0
-19.720,-16.321, -8.717,0
-19.874,-16.290, -8.899,0
-20.020,-16.734, -8.806,0
-20.110,-16.438, -8.942,0
-20.171,-16.640, -8.936,0
-20.161,-16.285, -8.835,0
-20.175,-16.120, -8.764,0
-20.233,-16.150, -8.755,0
-20.228,-15.689, -8.866,0
-20.220,-15.783, -8.865,0
-20.266,-16.337, -8.838,0
-20.246,-15.795, -8.755,0
-20.201,-15.720, -8.735,0
-20.192,-15.934, -8.695,0
-20.126,-15.664, -8.772,0
-20.220,-16.393, -8.681,0
-20.283,-16.280, -8.732,0
-20.143,-16.281, -8.801,0
-20.147,-16.310, -8.628,0
-20.199,-16.110, -8.825,0
-20.192,-15.515, -8.854,0
-20.088,-15.393, -8.667,0
-20.041,-15.563, -8.557,0
-19.962,-15.971, -8.754,0
-20.023,-15.913, -8.924,0
-19.988,-15.424, -9.008,0
-19.950,-15.366, -8.956,0
-19.870,-15.453, -8.882,0
-19.907,-15.703, -8.775,0
-19.923,-15.845, -8.898,0
-20.066,-16.045, -8.795,0
-20.026,-15.736, -8.923,0
-20.043,-16.144, -8.874,0
-20.021,-16.202, -8.933,0
-20.115,-16.281, -9.012,0
-20.110,-15.897, -9.102,0
-20.118,-15.914, -9.141,0
-20.065,-15.603, -9.197,0
-19.898,-15.019, -9.127,0
-19.891,-15.379, -9.008,0
-19.891,-15.364, -9.038,0
-19.886,-15.627, -9.045,0
-19.934,-15.444, -9.096,0
-19.898,-15.838, -8.973,0
-19.834,-15.769, -8.835,0
-19.987,-15.860, -8.892,0
-20.008,-16.131, -8.859,0
-20.099,-16.562, -8.968,0
-20.103,-16.409, -8.954,0
-20.142,-16.493, -8.951,0
-20.260,-16.367, -9.081,0
-20.344,-16.689, -9.091,0
-20.270,-16.030, -8.931,0
-20.328,-16.091, -8.943,0
-20.276,-16.245, -9.083,0
-20.422,-16.721, -9.114,0
-20.492,-16.669, -9.029,0
-20.499,-16.681, -9.135,0
-20.505,-16.413, -9.165,0
-20.513,-16.959, -9.000,0
-20.511,-16.800, -8.912,0
-20.588,-16.895, -9.004,0
-20.545,-16.535, -9.025,0
-20.446,-16.333, -8.812,0
-20.405,-15.869, -8.957,0
-20.455,-15.978, -8.730,0
-20.465,-15.878, -8.796,0
-20.446,-16.044, -8.788,0
-20.375,-15.618, -8.710,0
-20.339,-15.706, -8.634,0
-20.259,-16.124, -8.595,0
-20.192,-15.738, -8.620,0
-20.287,-15.782, -8.481,0
-20.255,-15.673, -8.504,0
-20.205,-15.792, -8.521,0
-20.080,-15.902, -8.509,0
