Packet number, Gyroscope X (deg/s),Gyroscope Y (deg/s),Gyroscope Z (deg/s),Accelerometer X (g),Acceleromter Y (g),Accelerometer Z (g), Magnetometer X (G), Magnetometer Y (G), Magnetometer Z (G)
0, -3.574,  2.482, -4.980,  -0.043,  0.860,  0.503, -0.104, -0.208,  0.136
1, -4.882,  2.325, -5.413,  -0.042,  0.860,  0.495, -0.096, -0.220,  0.129
2, -4.097,  2.542, -5.009,  -0.036,  0.867,  0.478, -0.098, -0.224,  0.143
3, -3.439,  2.751, -5.077,  -0.043,  0.861,  0.508, -0.097, -0.226,  0.137
4, -3.723,  2.729, -4.897,  -0.046,  0.858,  0.513, -0.099, -0.213,  0.143
5, -4.135,  2.662, -4.920,  -0.024,  0.870,  0.463, -0.097, -0.226,  0.138
6, -3.978,  2.647, -4.980,  -0.042,  0.863,  0.502, -0.099, -0.190,  0.112
7, -3.708,  2.385, -4.725,  -0.054,  0.857,  0.522, -0.098, -0.213,  0.133
8, -3.888,  2.707, -5.099,  -0.046,  0.860,  0.503, -0.096, -0.224,  0.160
9, -3.708,  2.370, -5.241,  -0.042,  0.861,  0.501, -0.096, -0.220,  0.144
10, -4.165,  2.086, -4.815,  -0.048,  0.859,  0.512, -0.096, -0.221,  0.142
11, -3.985,  2.714, -5.009,  -0.041,  0.863,  0.497, -0.099, -0.217,  0.159
12, -3.933,  2.587, -4.980,  -0.042,  0.861,  0.501, -0.100, -0.218,  0.163
13, -3.656,  2.550, -5.122,  -0.040,  0.862,  0.506, -0.099, -0.230,  0.151
14, -4.120,  2.310, -5.159,  -0.039,  0.863,  0.497, -0.095, -0.210,  0.138
15, -3.529,  2.497, -4.808,  -0.037,  0.864,  0.499, -0.094, -0.222,  0.156
16, -4.157,  2.408, -4.965,  -0.043,  0.861,  0.508, -0.095, -0.215,  0.139
17, -3.873,  2.265, -5.047,  -0.050,  0.858,  0.515, -0.098, -0.220,  0.149
18, -3.955,  2.796, -4.703,  -0.039,  0.863,  0.498, -0.095, -0.216,  0.157
19, -3.686,  2.460, -5.107,  -0.044,  0.861,  0.506, -0.099, -0.203,  0.135
20, -4.060,  2.781, -5.024,  -0.037,  0.862,  0.496, -0.096, -0.222,  0.142
21, -3.866,  2.490, -5.137,  -0.046,  0.860,  0.509, -0.097, -0.223,  0.155
22, -3.895,  2.587, -4.972,  -0.046,  0.861,  0.501, -0.096, -0.224,  0.148
23, -3.933,  2.886, -5.196,  -0.035,  0.864,  0.480, -0.096, -0.229,  0.115
24, -3.873,  2.273, -4.972,  -0.043,  0.860,  0.500, -0.097, -0.202,  0.119
25, -3.761,  2.363, -4.987,  -0.050,  0.859,  0.510, -0.096, -0.226,  0.154
26, -3.551,  2.370, -4.845,  -0.044,  0.860,  0.497, -0.092, -0.228,  0.136
27, -3.933,  2.819, -5.211,  -0.044,  0.861,  0.505, -0.099, -0.217,  0.157
28, -3.918,  2.565, -4.882,  -0.043,  0.859,  0.499, -0.097, -0.222,  0.154
29, -4.464,  2.505, -5.137,  -0.039,  0.864,  0.490, -0.099, -0.224,  0.152
30, -4.045,  2.467, -5.032,  -0.022,  0.871,  0.455, -0.093, -0.225,  0.141
31, -3.694,  2.579, -4.995,  -0.052,  0.856,  0.521, -0.097, -0.225,  0.155
32, -3.776,  2.699, -4.882,  -0.041,  0.862,  0.496, -0.097, -0.207,  0.135
33, -3.731,  2.482, -4.890,  -0.055,  0.856,  0.527, -0.098, -0.217,  0.156
34, -4.359,  2.923, -5.353,  -0.047,  0.860,  0.504, -0.097, -0.222,  0.163
35, -4.217,  2.408, -5.069,  -0.035,  0.864,  0.485, -0.100, -0.220,  0.128
36, -3.551,  2.243, -4.553,  -0.062,  0.852,  0.543, -0.096, -0.221,  0.153
37, -4.239,  2.550, -4.980,  -0.040,  0.863,  0.495, -0.097, -0.221,  0.133
38, -3.813,  2.497, -5.017,  -0.042,  0.862,  0.495, -0.099, -0.189,  0.127
39, -3.880,  2.146, -4.755,  -0.040,  0.861,  0.501, -0.094, -0.222,  0.175
40, -4.052,  2.811, -5.368,  -0.045,  0.860,  0.504, -0.095, -0.219,  0.149
41, -3.843,  2.692, -5.009,  -0.038,  0.862,  0.494, -0.099, -0.222,  0.154
42, -6.983,  3.350, -4.927,  -0.040,  0.869,  0.485, -0.100, -0.227,  0.152
43, -2.572,  4.561, -3.342,  -0.013,  0.865,  0.462, -0.098, -0.224,  0.155
44, -4.000,  3.073, -3.895,  -0.046,  0.861,  0.508, -0.099, -0.228,  0.165
45, -4.127,  2.684, -5.181,  -0.043,  0.857,  0.506, -0.098, -0.214,  0.165
46, -3.985,  2.729, -5.181,  -0.051,  0.859,  0.512, -0.097, -0.228,  0.145
47, -4.494,  2.781, -5.107,  -0.046,  0.859,  0.510, -0.100, -0.220,  0.139
48,-17.660,-14.161,  5.503,  -0.031,  0.958,  0.515, -0.099, -0.223,  0.145
49, -3.821,  1.682, -4.523,  -0.028,  0.861,  0.523, -0.100, -0.224,  0.149
50,-14.363, -1.593, -3.821,  -0.019,  0.852,  0.519, -0.102, -0.217,  0.152
51,-10.131,  0.135, -3.230,  -0.034,  0.838,  0.507, -0.102, -0.211,  0.167
52,-78.649, -8.755,-32.808,  -0.027,  0.869,  0.601, -0.106, -0.210,  0.152
53,-22.169, -2.168,-47.567,  -0.092,  0.722,  0.693, -0.102, -0.188,  0.172
54,-17.556,-17.189,-23.597,   0.009,  0.971,  0.296, -0.116, -0.274,  0.080
55,-244.880, 82.095,-101.565,  -0.028,  0.927,  0.170, -0.094, -0.258,  0.140
56, 29.346, 32.105,-13.496,  -0.203,  0.828,  0.659, -0.067, -0.243,  0.171
57, 44.472, 38.595, 88.398,  -0.214,  0.620,  0.645, -0.062, -0.234,  0.178
58,-106.201, -0.553,-10.363,  -0.162,  0.602,  0.663, -0.053, -0.240,  0.201
59,-107.853, -3.776,-23.238,  -0.238,  0.663,  0.660, -0.051, -0.170,  0.238
60,-92.533,-55.612,105.931,  -0.142,  0.414,  0.823, -0.064, -0.071,  0.236
61,-71.561,  7.559, -9.219,   0.056,  0.193,  0.815, -0.073, -0.027,  0.222
62, 29.773,-50.439, -6.520,  -0.083,  0.187,  0.658, -0.084, -0.045,  0.217
63,-85.550,-92.937, 22.887,   0.305,  0.141,  1.098, -0.128,  0.006,  0.159
64,177.126,-29.750, 12.045,   0.395,  0.341,  0.880, -0.154,  0.016,  0.119
65,209.298,-53.870,  3.417,   0.493,  0.308,  0.637, -0.173, -0.078,  0.145
66,244.880, 24.105,-31.148,   0.160,  1.071,  0.307, -0.162, -0.229,  0.076
67,239.983,-20.412, -2.557,   0.253,  0.770, -0.341, -0.156, -0.283, -0.031
68,244.880, 35.642,-56.532,   0.307, -0.078, -0.865, -0.159, -0.193, -0.207
69,133.080, 15.133,-15.200,   0.228, -0.152, -0.882, -0.137, -0.147, -0.250
70, 41.915, -7.275, 32.053,   0.209, -0.503, -0.870, -0.135, -0.079, -0.289
71,  9.510, -4.307,  3.806,   0.230, -0.535, -0.894, -0.131, -0.053, -0.273
72,  3.806,  0.897,  4.576,   0.164, -0.446, -0.914, -0.130, -0.069, -0.285
73,  1.779, -6.034,  4.725,   0.111, -0.468, -0.829, -0.123, -0.057, -0.271
74, -9.010, -9.376, 14.146,   0.086, -0.514, -0.851, -0.120, -0.064, -0.292
75, -9.017,-10.139, 12.120,   0.009, -0.488, -0.897, -0.110, -0.047, -0.293
76,-31.664,-23.784, 11.813,  -0.043, -0.419, -0.861, -0.099, -0.052, -0.289
77,  7.140,-30.932,  7.806,  -0.102, -0.462, -0.912, -0.083, -0.048, -0.296
78,-35.074,-49.915, 25.294,  -0.202, -0.484, -0.758, -0.059, -0.034, -0.303
79,-31.664, -2.116,-20.957,  -0.217, -0.707, -1.133, -0.037, -0.033, -0.308
80,-16.890,  9.817, -8.150,  -0.187, -0.467, -0.882, -0.052, -0.043, -0.300
81,-21.855, 16.935,-26.408,  -0.265, -0.392, -0.949, -0.054, -0.066, -0.287
82,-71.306, 49.923,-45.571,  -0.070, -0.272, -1.059, -0.065, -0.119, -0.293
83, -2.953, 17.219, -7.567,  -0.125, -0.187, -1.005, -0.081, -0.156, -0.270
84,-22.700,  2.953,-17.159,   0.089, -0.225, -1.030, -0.089, -0.140, -0.268
85,-16.860,  3.596, -7.806,  -0.026, -0.153, -0.994, -0.088, -0.152, -0.256
86,-35.029,  1.622,-11.649,   0.025, -0.107, -1.030, -0.090, -0.174, -0.248
87,-56.884, 10.931,-23.589,   0.023, -0.051, -1.017, -0.092, -0.186, -0.241
88, -5.211, -0.486, -4.950,  -0.004, -0.029, -0.986, -0.087, -0.180, -0.249
89, -5.129,  3.125, -5.937,   0.010, -0.021, -1.033, -0.083, -0.199, -0.231
90, -4.299,  3.208, -4.845,   0.037, -0.009, -1.077, -0.088, -0.191, -0.229
91, -4.643,  4.793, -5.249,   0.046, -0.007, -1.099, -0.083, -0.194, -0.230
92, -4.957,  3.589, -5.376,   0.024, -0.016, -1.047, -0.090, -0.184, -0.238
93, -4.710,  1.929, -5.503,   0.018, -0.020, -1.020, -0.084, -0.184, -0.235
94, -3.910,  1.966, -5.383,   0.023, -0.017, -1.035, -0.086, -0.195, -0.236
95, -3.731,  3.432, -5.114,   0.023, -0.019, -1.030, -0.086, -0.201, -0.247
96, -4.538,  2.841, -4.942,   0.044, -0.006, -1.078, -0.086, -0.186, -0.228
97, -3.738,  2.191, -4.882,   0.026, -0.014, -1.034, -0.087, -0.193, -0.242
98, -4.217,  2.744, -5.144,   0.048, -0.008, -1.066, -0.089, -0.195, -0.234
99, -3.948,  1.877, -5.398,   0.029, -0.012, -1.054, -0.084, -0.200, -0.247
100, -4.247,  2.684, -5.309,   0.036, -0.007, -1.055, -0.087, -0.185, -0.233
101, -4.673,  2.452, -5.211,   0.031, -0.014, -1.052, -0.088, -0.200, -0.232
102, -4.389,  2.146, -4.920,   0.026, -0.014, -1.037, -0.088, -0.192, -0.235
103, -4.725,  2.415, -4.927,   0.041, -0.006, -1.064, -0.087, -0.180, -0.236
104, -3.813,  2.938, -5.062,   0.029, -0.014, -1.048, -0.083, -0.192, -0.246
105, -3.679,  4.000, -5.226,   0.029, -0.015, -1.045, -0.087, -0.194, -0.234
106, -4.157,  3.746, -5.436,   0.032, -0.014, -1.047, -0.085, -0.199, -0.223
107, -3.888,  3.626, -4.239,   0.037, -0.006, -1.042, -0.086, -0.192, -0.211
108, -4.591,  4.793, -3.193,   0.154,  0.053, -1.081, -0.088, -0.191, -0.233
109,-21.414, -3.993, -0.710,   0.041, -0.011, -1.095, -0.092, -0.204, -0.242
110, -2.348,  5.309, -4.837,   0.049, -0.014, -1.072, -0.093, -0.201, -0.231
111, -3.694, -7.230, -2.310,   0.020, -0.016, -1.043, -0.087, -0.191, -0.247
112, -2.759,  1.436,-13.069,   0.014, -0.023, -1.036, -0.084, -0.187, -0.221
113, -3.387,  2.901,-12.935,   0.009,  0.004, -1.071, -0.087, -0.198, -0.228
114,-68.674,-70.446, -8.434,  -0.063,  0.092, -0.991, -0.072, -0.174, -0.219
115,  4.755,  9.690, 11.746,  -0.026,  0.106, -1.030, -0.073, -0.219, -0.218
116,-16.613, -9.309,-10.116,  -0.090,  0.178, -0.991, -0.074, -0.239, -0.208
117,-150.403, 14.767,-11.514,  -0.135,  0.388, -0.894, -0.071, -0.263, -0.174
118,-192.498, -8.778, 31.739,   0.032,  0.837, -0.762, -0.068, -0.331, -0.081
119,-244.880,-76.600, -9.256,  -0.084,  1.317,  0.033, -0.094, -0.288,  0.092
120,-158.120,-10.632,-40.764,   0.012,  0.641,  0.637, -0.130, -0.183,  0.150
121,-26.064,-221.067, -8.090,  -0.078,  0.776,  0.978, -0.139, -0.243,  0.110
122,176.468,-219.968,-30.662,   0.074,  0.861,  0.391, -0.151, -0.227, -0.134
123,203.347,-172.438, 20.756,  -0.096,  0.908, -0.517, -0.076, -0.135, -0.304
124,113.244,-58.080, 51.635,  -0.249,  0.778, -0.952,  0.025, -0.044, -0.373
125,113.558,-46.222, 78.626,  -0.369,  0.422, -1.331,  0.037,  0.016, -0.326
126, 90.380, 31.275, 48.158,  -0.350, -0.072, -1.245,  0.071,  0.105, -0.328
127, 73.116, 24.576,-28.143,  -0.236, -0.384, -0.931,  0.059,  0.171, -0.307
128, 33.302, 44.038,-73.998,  -0.036, -0.362, -0.801,  0.016,  0.184, -0.277
129, 21.324, 34.251,-101.296,   0.041, -0.305, -0.675, -0.057,  0.181, -0.273
130, 13.563, 18.513,-109.969,   0.193, -0.118, -0.648, -0.117,  0.147, -0.252
131, 28.479, -0.875,-100.877,   0.328,  0.114, -0.690, -0.174,  0.113, -0.248
132,  3.529,-17.032,-81.497,   0.330,  0.067, -0.739, -0.192,  0.077, -0.240
133, 14.378,-33.960,-69.160,   0.280,  0.116, -0.854, -0.203,  0.035, -0.250
134,  4.980,-39.784,-65.295,   0.235,  0.115, -0.798, -0.196, -0.002, -0.286
135,-17.331,-60.659,-55.807,   0.158,  0.221, -0.748, -0.179, -0.019, -0.298
136,-21.219,-76.951,-45.870,  -0.204,  0.263, -1.066, -0.128, -0.056, -0.355
137,-53.497,-33.481,-13.608,  -0.380,  0.521, -1.148, -0.091, -0.101, -0.353
138,-40.532,-21.959,  5.114,  -0.357,  0.357, -1.050, -0.073, -0.127, -0.349
139,  1.271,-31.821, 15.843,  -0.491,  0.437, -1.031, -0.047, -0.143, -0.334
140,  5.974,-28.464, 29.982,  -0.426,  0.349, -0.997, -0.037, -0.152, -0.329
141, 57.766,-47.134, 23.096,  -0.558,  0.061, -1.116, -0.014, -0.114, -0.328
142,  1.383,-13.174, -8.142,  -0.607,  0.146, -1.021,  0.002, -0.110, -0.319
143, -7.357,  1.563, -9.189,  -0.509,  0.233, -0.924,  0.005, -0.118, -0.315
144,-11.013,  2.236, -7.664,  -0.538,  0.310, -0.892,  0.005, -0.110, -0.318
145, -9.421,  3.275, -5.772,  -0.490,  0.432, -0.861,  0.004, -0.118, -0.317
146, -3.791, -0.150,  2.879,  -0.487,  0.305, -0.947,  0.008, -0.125, -0.304
147,  5.929,  0.568, -1.099,  -0.522,  0.288, -0.979,  0.009, -0.116, -0.302
148, 50.633,  6.811, -2.467,  -0.530,  0.225, -0.932, -0.000, -0.075, -0.354
149,  3.753, 10.602, -1.196,  -0.505,  0.189, -0.908, -0.002, -0.078, -0.314
150,  5.062,  2.647, -4.703,  -0.477,  0.181, -0.969, -0.001, -0.081, -0.316
151,  2.923,  0.426, -8.972,  -0.459,  0.178, -1.007, -0.000, -0.065, -0.325
152, -7.858, -0.628, -6.116,  -0.504,  0.169, -0.939, -0.000, -0.071, -0.315
153,-11.013,  2.938, -4.359,  -0.515,  0.151, -0.975, -0.004, -0.074, -0.326
154, -5.899,  2.116, -4.778,  -0.513,  0.171, -0.896, -0.000, -0.086, -0.310
155, -9.817,  1.226, -2.617,  -0.488,  0.168, -0.950,  0.002, -0.061, -0.311
156, -9.324,  2.251, -3.679,  -0.474,  0.159, -0.965,  0.004, -0.076, -0.310
157, -6.602,  1.966, -4.449,  -0.491,  0.220, -0.976,  0.004, -0.059, -0.339
158, -3.955,  0.800, -4.329,  -0.507,  0.154, -0.948, -0.002, -0.070, -0.306
159, -9.226,  0.150, -3.327,  -0.533,  0.173, -0.885,  0.003, -0.085, -0.324
160, -7.447,  1.301, -2.923,  -0.499,  0.190, -0.948,  0.005, -0.090, -0.327
161,  0.778,  0.606,  2.363,  -0.534,  0.123, -1.024,  0.006, -0.076, -0.304
162, -5.540,  5.009, -9.451,  -0.496,  0.223, -0.919,  0.004, -0.082, -0.314
163, -2.923,  8.374, -7.791,  -0.418,  0.321, -0.968,  0.001, -0.071, -0.315
164, -6.901, -2.871, 17.451,  -0.381,  0.556, -0.869,  0.005, -0.076, -0.316
165,  8.314,-14.086, 57.945,  -0.508,  0.425, -1.083,  0.046, -0.045, -0.260
166, 50.790, -0.867, 54.431,  -0.543,  0.129, -0.990,  0.029,  0.048, -0.282
167, 14.131,  7.170, 50.745,  -0.504,  0.129, -0.988,  0.068,  0.129, -0.291
168, 15.013, -5.466, 49.564,  -0.534,  0.102, -0.856,  0.140,  0.117, -0.357
169, 29.526, -8.000, 24.793,  -0.601,  0.047, -0.973,  0.064, -0.113, -0.441
170, 20.524,  1.279, 17.728,  -0.516, -0.001, -0.966,  0.102,  0.058, -0.075
171, 17.301,  0.912, 16.987,  -0.465, -0.006, -0.882,  0.139,  0.150, -0.176
172, 14.744, -4.329, 12.853,  -0.468, -0.077, -0.900,  0.145,  0.158, -0.219
173, 14.071, -5.458,  8.793,  -0.507, -0.008, -0.999,  0.159,  0.171, -0.252
174, 10.109, -2.280, 12.434,  -0.545, -0.010, -0.970,  0.167,  0.183, -0.224
175,  2.557, -3.297, 17.099,  -0.565, -0.027, -1.036,  0.172,  0.177, -0.230
176, -4.381,  8.905, 20.427,  -0.578,  0.006, -0.983,  0.193,  0.160, -0.233
177,  2.333,  8.673, 26.072,  -0.544,  0.032, -0.936,  0.207,  0.164, -0.244
178, 18.849,  6.752, 17.870,  -0.495, -0.041, -0.987,  0.223,  0.174, -0.224
179, 14.969,  8.651, 14.453,  -0.534, -0.046, -0.954,  0.232,  0.170, -0.224
180, 15.769,  9.488, 11.611,  -0.581, -0.127, -0.942,  0.247,  0.164, -0.213
181,  8.733, 10.385,  7.380,  -0.552, -0.185, -1.093,  0.251,  0.168, -0.216
182, -0.628, 23.395, -3.985,  -0.524, -0.127, -1.050,  0.245,  0.180, -0.227
183, -4.381, 13.152, -9.368,  -0.532, -0.212, -1.091,  0.240,  0.172, -0.222
184, 15.028, 27.096,-43.022,  -0.481, -0.216, -1.120,  0.228,  0.173, -0.234
185, 13.578, 29.825,-59.628,  -0.467, -0.307, -1.048,  0.189,  0.197, -0.241
186, 35.791, 33.264,-82.978,  -0.370, -0.303, -0.962,  0.136,  0.210, -0.258
187, 16.913, 30.244,-92.219,  -0.240, -0.261, -0.917,  0.055,  0.232, -0.240
188, 11.978, 29.317,-88.167,  -0.060, -0.187, -0.840, -0.003,  0.214, -0.265
189, 10.901, 14.341,-81.662,   0.138, -0.203, -0.870, -0.071,  0.197, -0.235
190,  5.256, 11.253,-69.557,   0.171, -0.284, -0.859, -0.112,  0.185, -0.212
191,  7.791,  6.011,-72.929,   0.222, -0.280, -0.761, -0.147,  0.160, -0.224
192, -4.172,  3.880,-62.431,   0.287, -0.248, -0.836, -0.181,  0.115, -0.193
193,-12.875,  5.084,-60.106,   0.329, -0.217, -0.855, -0.202,  0.095, -0.196
194,-11.559, -2.527,-60.256,   0.306, -0.133, -0.820, -0.220,  0.074, -0.227
195, -8.524, -6.946,-54.005,   0.342, -0.060, -0.827, -0.233,  0.027, -0.215
196,-20.113,-10.251,-49.982,   0.350,  0.011, -0.863, -0.238, -0.020, -0.235
197,-20.718,-10.116,-40.726,   0.351,  0.125, -0.819, -0.242, -0.047, -0.248
198,-28.576,-14.647,-32.576,   0.313,  0.173, -0.837, -0.235, -0.067, -0.249
199,-18.692,-25.100,-32.046,   0.281,  0.270, -0.924, -0.231, -0.091, -0.269
200,-19.305,-33.047,-27.036,   0.138,  0.295, -0.886, -0.210, -0.121, -0.302
201,-26.206,-53.033,-47.792,   0.088,  0.250, -0.478, -0.197, -0.141, -0.282
202,-40.128,-50.027,-26.745,  -0.145,  0.524, -0.859, -0.155, -0.185, -0.311
203,-22.378,-43.164,  7.656,  -0.319,  0.700, -0.998, -0.117, -0.205, -0.331
204,-98.993,-18.520,  4.097,  -0.248,  0.570, -0.635, -0.101, -0.227, -0.291
205,-53.489,-32.494, 10.707,  -0.466,  1.004, -0.853, -0.065, -0.281, -0.280
206, 46.035,-31.470, 35.747,  -0.445,  0.826, -0.724, -0.049, -0.237, -0.298
207, 47.351,-39.657, 50.102,  -0.447,  0.552, -0.734, -0.042, -0.213, -0.298
208, 29.862,-34.206, 44.562,  -0.497,  0.437, -0.852, -0.029, -0.155, -0.305
209, 12.486,-18.453, 33.122,  -0.465,  0.388, -0.900, -0.026, -0.108, -0.302
210, 18.400, -2.535, 24.068,  -0.442,  0.291, -0.859, -0.027, -0.038, -0.297
211, 32.382,  3.851,  0.837,  -0.446,  0.296, -0.924, -0.008,  0.025, -0.320
212,-10.116,  3.335, -5.615,  -0.414,  0.278, -0.933,  0.021,  0.050, -0.337
213,-29.242, 13.144, -5.585,  -0.425,  0.320, -1.016,  0.026,  0.042, -0.352
214,-56.555, 14.236,  0.082,  -0.327,  0.509, -0.895,  0.025,  0.015, -0.355
215, -4.845,  3.492, -7.933,  -0.309,  0.542, -0.899,  0.023,  0.012, -0.359
216,  8.239,  3.694, -7.985,  -0.318,  0.539, -0.912,  0.022,  0.009, -0.361
217,  2.632,  2.699, -5.847,  -0.321,  0.472, -0.888,  0.013,  0.020, -0.351
218,  7.088,  0.277, -6.587,  -0.353,  0.428, -0.896,  0.019,  0.028, -0.341
219,  9.720,  3.252, -7.095,  -0.333,  0.442, -0.913,  0.017,  0.019, -0.348
220,  2.086,  1.884, -7.806,  -0.318,  0.436, -0.965,  0.019,  0.044, -0.344
221, -0.471,  0.807, -6.258,  -0.373,  0.380, -0.879,  0.022,  0.049, -0.338
222, -2.153,  0.277, -7.088,  -0.360,  0.404, -0.945,  0.020,  0.057, -0.338
223, -9.854, -1.271, -4.284,  -0.380,  0.391, -0.883,  0.026,  0.040, -0.342
224,-22.700, -3.880,  3.237,  -0.365,  0.502, -0.888,  0.030,  0.038, -0.340
225, -2.998, -0.994,  0.576,  -0.351,  0.475, -0.926,  0.044,  0.038, -0.347
226,  8.247, -3.694,  4.247,  -0.329,  0.542, -0.989,  0.052,  0.022, -0.354
227, 25.683, -7.679, 22.154,  -0.322,  0.456, -0.864,  0.055,  0.063, -0.378
228, 37.549,-18.079, 30.513,  -0.365,  0.330, -0.955,  0.083,  0.106, -0.407
229, 56.495,-20.255, 22.894,  -0.393,  0.408, -0.965,  0.122,  0.132, -0.752
230, 64.233,-21.989, 54.140,  -0.466,  0.339, -0.998,  0.174, -0.704,  0.291
231, 48.487,-21.817, 67.142,  -0.551,  0.024, -0.936,  0.223,  0.225, -0.066
232, 37.010,-13.428, 57.325,  -0.610, -0.138, -0.980,  0.175,  0.181, -0.233
233, 10.258,  9.406, 40.427,  -0.587, -0.170, -0.923,  0.193,  0.195, -0.224
234, 11.574,  3.133, 39.463,  -0.600,  0.014, -0.988,  0.207,  0.189, -0.203
235, 28.711, 20.673, 35.485,  -0.540, -0.104, -0.982,  0.235,  0.182, -0.206
236, 27.806, 16.793, 32.031,  -0.529, -0.134, -0.957,  0.248,  0.183, -0.182
237, 10.924, 17.017, 38.565,  -0.503, -0.175, -0.906,  0.276,  0.178, -0.191
238, -0.007, 12.972, 31.246,  -0.536, -0.200, -0.855,  0.297,  0.155, -0.194
239, 25.070,  6.228,  5.720,  -0.530, -0.270, -0.921,  0.312,  0.164, -0.215
240, 19.425,  5.832,-22.700,  -0.580, -0.373, -0.893,  0.307,  0.182, -0.193
241, 23.619,  0.568,-36.255,  -0.566, -0.396, -0.914,  0.292,  0.193, -0.179
242, 25.952,  2.490,-57.056,  -0.542, -0.416, -1.004,  0.269,  0.208, -0.144
243,  8.247,  9.862,-63.344,  -0.447, -0.459, -0.888,  0.235,  0.239, -0.146
244, -4.434, 12.494,-66.162,  -0.406, -0.528, -0.797,  0.181,  0.261, -0.143
245,  6.864,  9.182,-78.746,  -0.299, -0.545, -0.837,  0.131,  0.257, -0.153
246,  0.344,  0.404,-73.998,  -0.204, -0.436, -0.760,  0.080,  0.268, -0.168
247, 12.823,  4.688,-79.277,  -0.109, -0.512, -0.756,  0.020,  0.255, -0.170
248,  6.789,  9.114,-80.832,   0.010, -0.448, -0.872, -0.026,  0.241, -0.175
249, -3.978, 15.058,-78.364,   0.120, -0.397, -0.837, -0.084,  0.224, -0.194
250, -0.561,  9.697,-71.575,   0.322, -0.298, -0.768, -0.131,  0.198, -0.188
251, -6.019,  0.052,-51.448,   0.293, -0.433, -0.795, -0.162,  0.163, -0.171
252,-27.425, 23.402,-47.881,   0.411, -0.189, -0.733, -0.196,  0.132, -0.197
253,  2.086, -5.937,-45.369,   0.414, -0.273, -0.803, -0.212,  0.102, -0.155
254,  9.690,-12.068,-47.171,   0.379, -0.287, -0.787, -0.225,  0.080, -0.177
255, 10.587,-17.107,-52.525,   0.428, -0.180, -0.823, -0.241,  0.054, -0.178
256,  1.630,-13.563,-46.042,   0.447, -0.098, -0.874, -0.245,  0.021, -0.200
257,  5.129,-21.870,-39.081,   0.396, -0.070, -0.804, -0.254,  0.002, -0.221
258,  2.236,-11.312,-32.404,   0.430, -0.019, -0.843, -0.252, -0.020, -0.215
259, -1.877,-13.062,-37.003,   0.377, -0.055, -0.904, -0.251, -0.040, -0.227
260, -1.458, -3.462,-42.005,   0.290, -0.090, -0.783, -0.251, -0.056, -0.230
261,  3.028,-29.010,-31.141,   0.287,  0.050, -0.922, -0.242, -0.071, -0.271
262, 10.654,-31.986,-16.741,   0.217,  0.088, -0.954, -0.227, -0.081, -0.280
263, -9.967,-24.711,  3.716,   0.137, -0.037, -0.969, -0.206, -0.070, -0.285
264,  2.766,-37.601,  5.705,   0.132,  0.071, -1.018, -0.193, -0.063, -0.308
265,-10.011,-24.838, 18.483,  -0.058, -0.053, -1.203, -0.166, -0.031, -0.352
266, -9.653,-21.458, 17.511,  -0.022,  0.136, -1.024, -0.153, -0.062, -0.336
267, -9.137,-14.004, 30.834,  -0.188, -0.025, -1.162, -0.132, -0.053, -0.345
268,-39.478, 32.150,  8.531,  -0.146, -0.048, -1.043, -0.131, -0.049, -0.355
269,-13.204, -4.381, 27.754,  -0.167,  0.001, -1.177, -0.133, -0.056, -0.337
270, -4.247,-35.089, 45.938,  -0.162,  0.104, -1.169, -0.119, -0.049, -0.333
271,  3.551,-13.982, 40.898,  -0.199, -0.024, -0.927, -0.091, -0.047, -0.349
272,-20.344,-13.989, 21.608,  -0.302,  0.106, -1.075, -0.073, -0.039, -0.332
273,-59.777,-32.330, 32.233,  -0.415,  0.118, -0.992, -0.050, -0.057, -0.347
274,-31.567, -7.275, 29.541,  -0.384,  0.150, -1.059, -0.028, -0.074, -0.326
275,-22.116, -4.120, 11.507,  -0.448,  0.303, -1.017, -0.013, -0.079, -0.314
276,-12.808,-13.765,  8.322,  -0.457,  0.307, -1.052, -0.005, -0.065, -0.303
277,  3.252,-30.012, -1.877,  -0.473,  0.297, -0.933, -0.043, -0.047, -0.305
278,-25.264, 12.015,  4.165,  -0.442,  0.267, -0.966, -0.041,  0.054, -0.345
279,-17.174, -2.206,  1.196,  -0.427,  0.294, -0.903,  0.004,  0.057, -0.342
280,  2.677,  1.323,  0.351,  -0.382,  0.310, -0.836,  0.025,  0.037, -0.326
281,  4.023,  1.742, -2.535,  -0.428,  0.381, -1.009,  0.039,  0.050, -0.361
282, -0.292,  4.987, -4.688,  -0.401,  0.446, -0.922,  0.038,  0.061, -0.321
283, -1.951,  3.492, -6.924,  -0.404,  0.371, -0.858,  0.037,  0.054, -0.327
284, -6.273,  1.159, -6.542,  -0.406,  0.367, -0.939,  0.038,  0.045, -0.320
285, -2.400,  1.884, -5.084,  -0.393,  0.389, -0.939,  0.036,  0.067, -0.364
286, -4.688,  3.716, -6.752,  -0.416,  0.381, -0.887,  0.033,  0.068, -0.325
287, -7.006,  2.467, -3.178,  -0.396,  0.342, -0.912,  0.035,  0.069, -0.331
288,-20.023,  3.551, -4.008,  -0.420,  0.446, -0.860,  0.034,  0.067, -0.328
289, 11.985,-15.567, -3.507,  -0.382,  0.545, -0.932,  0.051,  0.061, -0.324
290, 10.423,-28.023, -5.765,  -0.384,  0.436, -0.698,  0.090,  0.067, -0.322
291, 59.299,-35.836, 13.668,  -0.497,  0.597, -1.190,  0.122,  0.110, -0.352
292, 17.376, -2.445, 45.280,  -0.432,  0.321, -0.970,  0.279,  0.317, -0.554
293, 62.005,-30.214, 33.735,  -0.487,  0.190, -0.796,  0.200, -1.216,  0.268
294, 66.521,-29.578, 32.920,  -0.679,  0.113, -0.968,  0.274,  0.190, -0.157
295, 57.826,-13.690, 41.997,  -0.688,  0.102, -0.844,  0.203,  0.185, -0.203
296, 40.517, -3.708, 41.003,  -0.814, -0.058, -0.792,  0.219,  0.196, -0.185
297, 15.963,  3.895, 54.925,  -0.802, -0.129, -0.889,  0.251,  0.190, -0.157
298, 33.698, 16.255, 45.728,  -0.755, -0.049, -0.937,  0.278,  0.167, -0.146
299, 24.045, 24.995, 34.176,  -0.714, -0.123, -0.896,  0.313,  0.158, -0.144
300, 16.419, 21.212, 22.154,  -0.708, -0.134, -0.906,  0.333,  0.148, -0.132
301,  5.204, 18.214, 16.471,  -0.682, -0.077, -0.880,  0.341,  0.144, -0.165
302, 23.073, 22.161,  7.208,  -0.638, -0.116, -0.869,  0.347,  0.117, -0.143
303, 20.606, 20.890,  5.256,  -0.557, -0.113, -0.813,  0.346,  0.139, -0.173
304, 17.294, 11.694,  6.931,  -0.512, -0.205, -0.915,  0.346,  0.141, -0.157
305, -7.260,  6.370,  4.561,  -0.536, -0.211, -0.918,  0.349,  0.137, -0.176
306,  5.099,  2.579, -5.286,  -0.517, -0.204, -0.905,  0.354,  0.122, -0.165
307, -4.389, -1.966,-10.296,  -0.515, -0.177, -0.834,  0.351,  0.124, -0.178
308, 27.014,-23.739,-24.367,  -0.545, -0.202, -0.915,  0.355,  0.127, -0.159
309,  5.047,-18.438,-20.128,  -0.542, -0.203, -0.899,  0.352,  0.143, -0.148
310,  1.622, -5.944, -7.589,  -0.641, -0.290, -0.948,  0.357,  0.153, -0.150
311,  0.950,  1.413,-10.901,  -0.661, -0.333, -0.926,  0.356,  0.153, -0.125
312, -3.910,  0.695,-16.292,  -0.632, -0.341, -0.868,  0.353,  0.152, -0.121
313,  0.007,  1.114,-22.722,  -0.619, -0.334, -0.833,  0.350,  0.163, -0.130
314, -2.520,  7.290,-18.056,  -0.568, -0.305, -0.882,  0.334,  0.186, -0.133
315,  7.163, 10.124,-16.658,  -0.498, -0.358, -0.889,  0.328,  0.197, -0.149
316,  7.492, 12.344,-12.823,  -0.483, -0.352, -0.871,  0.318,  0.201, -0.126
317,  8.688, 10.221,-11.193,  -0.483, -0.425, -0.833,  0.316,  0.210, -0.128
318,  4.703,  4.449,-11.133,  -0.464, -0.445, -0.873,  0.307,  0.202, -0.130
319,  1.465,  6.393,-10.639,  -0.444, -0.443, -0.869,  0.305,  0.215, -0.121
320,  8.628, -0.471,-15.604,  -0.502, -0.572, -0.878,  0.301,  0.212, -0.112
321, 10.296, -0.411,-20.300,  -0.499, -0.579, -0.868,  0.294,  0.226, -0.107
322,  2.071,  4.486,-26.303,  -0.487, -0.586, -0.889,  0.280,  0.235, -0.101
323, -6.101, 15.425,-26.131,  -0.463, -0.659, -0.926,  0.265,  0.239, -0.115
324,  5.159, 16.471,-42.453,  -0.405, -0.714, -0.860,  0.238,  0.261, -0.138
325, 11.200, 11.499,-54.364,  -0.310, -0.669, -0.817,  0.204,  0.266, -0.120
326,  5.952, 10.879,-67.493,  -0.292, -0.758, -0.658,  0.165,  0.278, -0.100
327, 23.672, -2.781,-75.448,  -0.137, -0.774, -0.671,  0.100,  0.293, -0.088
328, 18.468, -1.712,-70.334,  -0.015, -0.773, -0.601,  0.051,  0.286, -0.076
329, 13.526, -6.572,-69.235,   0.103, -0.760, -0.522, -0.007,  0.276, -0.056
330, 23.305,-21.152,-66.387,   0.204, -0.675, -0.552, -0.051,  0.250, -0.046
331, -3.791, -7.552,-67.321,   0.268, -0.640, -0.514, -0.094,  0.242, -0.060
332, -0.950, -7.649,-54.715,   0.377, -0.593, -0.503, -0.135,  0.206, -0.051
333, -8.733,-11.223,-48.233,   0.450, -0.532, -0.519, -0.162,  0.173, -0.055
334,-13.780, -7.342,-43.336,   0.466, -0.525, -0.572, -0.188,  0.160, -0.091
335,-10.580, -9.615,-41.795,   0.500, -0.450, -0.609, -0.208,  0.134, -0.083
336, -1.540,-14.071,-42.087,   0.542, -0.321, -0.604, -0.222,  0.105, -0.094
337,  9.152,-18.812,-38.416,   0.535, -0.377, -0.736, -0.239,  0.082, -0.103
338,  2.071,-17.070,-35.291,   0.507, -0.391, -0.714, -0.243,  0.054, -0.124
339, -5.525,-10.879,-35.515,   0.487, -0.289, -0.568, -0.254,  0.050, -0.145
340, -4.763,-21.892,-32.778,   0.491, -0.211, -0.745, -0.260,  0.018, -0.162
341,-12.411,-16.673,-27.784,   0.481, -0.201, -0.844, -0.263,  0.020, -0.178
342,-22.221,-16.479,-18.475,   0.462, -0.044, -0.886, -0.266, -0.011, -0.175
343,-22.019,-12.000,-12.785,   0.446, -0.128, -0.863, -0.260, -0.021, -0.183
344,-20.397, -8.628,-12.793,   0.389, -0.107, -0.879, -0.255, -0.036, -0.200
345,-14.213,-10.864,-11.843,   0.400, -0.069, -0.892, -0.252, -0.049, -0.216
346,-17.122,-10.303,-12.995,   0.346, -0.069, -0.908, -0.255, -0.039, -0.229
347, -9.159,-11.357,-11.888,   0.333, -0.048, -0.892, -0.246, -0.057, -0.231
348, -8.449, -9.413,-12.808,   0.322, -0.053, -0.852, -0.247, -0.058, -0.230
349, -8.374,-13.084,-15.574,   0.294, -0.017, -0.831, -0.244, -0.068, -0.240
350,-11.163,-15.447,-14.251,   0.260,  0.021, -0.906, -0.231, -0.065, -0.256
351,-11.656,-22.625,-16.658,   0.200,  0.046, -0.974, -0.223, -0.078, -0.295
352,-11.305,-33.765,-16.980,   0.109,  0.122, -0.989, -0.206, -0.087, -0.283
353,-13.383,-20.584,-11.634,   0.082,  0.149, -1.126, -0.190, -0.094, -0.309
354,-13.765,-16.068, -8.890,   0.049,  0.207, -1.091, -0.178, -0.102, -0.338
355, -9.473,-15.709, -3.484,   0.030,  0.194, -0.982, -0.167, -0.100, -0.322
356,-13.040,-13.974,  0.336,  -0.041,  0.157, -1.052, -0.152, -0.103, -0.342
357, -7.836, -8.583, 13.608,  -0.108,  0.159, -0.986, -0.144, -0.096, -0.357
358,-19.410,-20.711,  2.834,  -0.099, -0.027, -0.860, -0.134, -0.091, -0.376
359,-13.840,-17.892, -5.757,  -0.255,  0.230, -1.095, -0.108, -0.111, -0.353
360,-11.604,-14.243,  2.333,  -0.228,  0.336, -1.105, -0.101, -0.123, -0.345
361,-15.604, -0.770,  9.765,  -0.207,  0.272, -1.042, -0.091, -0.120, -0.383
362,-16.284, -4.523,  4.292,  -0.255,  0.240, -1.027, -0.087, -0.118, -0.353
363,-10.602,  3.880, 10.924,  -0.304,  0.360, -1.073, -0.078, -0.116, -0.372
364,-16.180,  1.002, 22.401,  -0.269,  0.346, -0.916, -0.081, -0.118, -0.354
365,  3.462,-32.846, 28.023,  -0.340,  0.407, -1.153, -0.071, -0.117, -0.364
366, 14.782,-12.307, 22.864,  -0.300,  0.288, -0.975, -0.067, -0.108, -0.370
367, 11.103,-13.593, 14.640,  -0.331,  0.232, -1.002, -0.054, -0.062, -0.364
368, -9.697,-12.808, 21.219,  -0.409,  0.233, -0.995, -0.040, -0.065, -0.354
369,-10.752, -5.219, 20.815,  -0.385,  0.229, -0.927, -0.030, -0.046, -0.379
370,  3.432,-13.742, 21.832,  -0.378,  0.260, -0.931, -0.024, -0.045, -0.356
371,  0.456,-20.965, 13.997,  -0.412,  0.255, -0.974, -0.026, -0.048, -0.346
372,-36.120, -4.060, 18.894,  -0.478,  0.247, -0.851, -0.039, -0.053, -0.333
373,-14.512,-12.883,  8.867,  -0.515,  0.325, -0.900, -0.040, -0.018, -0.381
374,-13.122, -8.217,  4.232,  -0.512,  0.476, -0.880,  0.012,  0.017, -0.375
375,-25.272, -1.406, 17.511,  -0.513,  0.417, -0.841,  0.064,  0.026, -0.352
376, -2.766, -4.680,  5.421,  -0.501,  0.526, -0.854,  0.113,  0.016, -0.383
377,  4.217, -1.189,  1.017,  -0.547,  0.487, -0.860,  0.143,  0.003, -0.355
378,  8.284,  0.710, -5.682,  -0.484,  0.489, -0.825,  0.170, -0.022, -0.372
379,  4.950, -2.834, -5.495,  -0.523,  0.452, -0.871,  0.188, -0.022, -0.364
380,  5.436,  0.561,-12.501,  -0.499,  0.529, -0.884,  0.194, -0.019, -0.343
381,  5.264, -0.793, -8.897,  -0.504,  0.482, -0.770,  0.201, -0.016, -0.336
382,  1.869, -6.953,-12.875,  -0.519,  0.448, -0.813,  0.212, -0.004, -0.327
383,  9.690,-15.155,-17.802,  -0.673,  0.495, -1.177,  0.234,  0.023, -0.300
384, 20.143, 43.149, -6.004,  -0.774,  0.742, -1.238,  0.200,  0.026, -0.364
385, 24.561, 63.418, 14.969,  -0.535,  0.468, -0.977,  0.080,  0.002, -0.385
386, 20.247, 54.999, 10.311,  -0.301,  0.268, -0.879,  0.012,  0.013, -0.358
387,  7.709, 45.780, 11.462,  -0.202,  0.159, -0.653, -0.018,  0.032, -0.344
388, -1.219, 10.983,  3.694,  -0.055,  0.123, -0.499, -0.047,  0.053, -0.351
389,-24.158,-41.601, 17.885,  -0.038, -0.040, -0.387, -0.029,  0.045, -0.350
390,-23.358,-73.407,-15.529,  -0.288,  0.351, -1.029,  0.014,  0.044, -0.361
391,-29.511,-49.736,  6.183,  -0.565,  0.354, -1.183,  0.066,  0.022, -0.349
392,-14.692,-31.612, -1.622,  -0.672,  0.477, -1.336,  0.090, -0.041, -0.314
393, 24.614, 15.724, -5.570,  -0.852,  0.515, -1.659,  0.093, -0.011, -0.308
394, 59.261, 76.525,  5.316,  -0.685,  0.438, -1.218,  0.066,  0.053, -0.333
395, 29.451, 83.867, 15.612,  -0.277,  0.109, -0.706,  0.015,  0.099, -0.331
396,-12.591, 42.207, 24.008,   0.048, -0.092, -0.196, -0.006,  0.095, -0.337
397, -2.871,-39.373, -4.800,   0.148, -0.049, -0.276,  0.001,  0.103, -0.331
398,-23.888,-78.566, -3.080,  -0.267,  0.088, -0.898,  0.049,  0.104, -0.317
399,-17.443,-69.602, -0.800,  -0.726,  0.257, -1.301,  0.104,  0.098, -0.298
400,  2.370,-32.778, -2.183,  -0.800,  0.371, -1.530,  0.149,  0.086, -0.309
401, 36.016, 36.038, -2.034,  -0.825,  0.511, -1.576,  0.150,  0.093, -0.290
402, 37.691, 79.785, 35.889,  -0.583,  0.253, -1.023,  0.126,  0.116, -0.322
403, 15.320, 84.443, 48.390,  -0.302, -0.127, -0.557,  0.086,  0.146, -0.300
404, -6.752, 39.395, 18.348,  -0.006, -0.263, -0.283,  0.071,  0.159, -0.304
405,  0.172,-40.913,-10.707,   0.026, -0.125, -0.425,  0.076,  0.158, -0.308
406,-26.273,-60.450, -8.105,  -0.163,  0.053, -0.849,  0.111,  0.148, -0.297
407,-16.217,-70.753, -6.669,  -0.576,  0.314, -1.235,  0.152,  0.162, -0.306
408, 13.473,-41.347, 16.748,  -0.755,  0.230, -1.739,  0.196,  0.139, -0.254
409, 33.653, 35.814, 11.514,  -0.664,  0.136, -1.447,  0.201,  0.149, -0.238
410, 36.711, 60.278, 28.531,  -0.475,  0.125, -0.973,  0.193,  0.172, -0.229
411, 26.647, 50.775, 19.500,  -0.349, -0.213, -0.821,  0.187,  0.199, -0.265
412,-10.236, 37.743,  9.795,  -0.225, -0.250, -0.458,  0.177,  0.174, -0.265
413,-28.726,-37.990, -3.282,  -0.127, -0.241, -0.210,  0.179,  0.168, -0.278
414,-37.107,-84.017,-11.679,  -0.554, -0.069, -0.846,  0.217,  0.161, -0.260
415,-17.354,-68.263,-32.950,  -0.757,  0.023, -1.222,  0.256,  0.144, -0.205
416, -3.940,-37.212,-27.029,  -0.840,  0.240, -1.246,  0.255,  0.152, -0.172
417, 31.619,-12.441, -1.234,  -0.829,  0.040, -1.196,  0.255,  0.178, -0.154
418, -9.967, 28.995,  9.383,  -0.865, -0.303, -1.219,  0.263,  0.174, -0.151
419,-12.830, 76.779,  2.894,  -0.838, -0.103, -1.198,  0.258,  0.171, -0.172
420,-68.936,109.999, 17.825,  -0.525, -0.029, -1.042,  0.218,  0.142, -0.250
421,-129.035,135.779, 52.121,  -0.331,  0.120, -0.900,  0.151,  0.075, -0.328
422,-93.924,119.891, 54.147,  -0.115,  0.145, -0.553,  0.040, -0.039, -0.387
423,-52.151, 79.807,-11.896,   0.082,  0.130, -0.462, -0.030, -0.082, -0.381
424,-65.370, 45.504,-80.054,   0.187,  0.288, -0.118, -0.072, -0.136, -0.351
425,-52.039, 49.893,-93.527,   0.226,  1.059, -0.300, -0.076, -0.204, -0.310
426,  4.292, 22.610,-104.593,   0.086,  1.145, -0.308, -0.064, -0.262, -0.286
427, 25.122, 44.637,-73.168,  -0.050,  1.497, -0.315, -0.009, -0.276, -0.322
428, 28.853, 70.484,-30.999,   0.029,  1.283, -0.490, -0.049, -0.211, -0.334
429, 63.747, 87.718,-23.500,   0.021,  1.433, -0.469, -0.138, -0.221, -0.254
430, 51.597,107.905, 43.822,   0.077,  1.309, -0.265, -0.152, -0.204, -0.217
431, 49.743, 55.366, 70.686,   0.328,  0.857, -0.215, -0.197, -0.143, -0.229
432, 48.480,-16.830, 79.770,   0.478,  0.397, -0.098, -0.212, -0.057, -0.260
433, 54.543,-47.201, 46.924,   0.371,  0.109, -0.633, -0.187,  0.015, -0.261
434, 44.689,-46.775, 21.436,   0.185, -0.119, -0.782, -0.154,  0.084, -0.273
435, 18.079,-67.336, -2.086,   0.148, -0.047, -0.665, -0.117,  0.095, -0.315
436,  9.802,-79.247,-21.937,  -0.034, -0.139, -1.162, -0.078,  0.106, -0.290
437,-24.816,-36.337,-29.818,  -0.099,  0.139, -1.265, -0.045,  0.100, -0.311
438,-20.060, -8.688,-15.641,  -0.129,  0.274, -1.302, -0.030,  0.077, -0.324
439,-34.633, 10.176,  1.092,  -0.096,  0.238, -1.075, -0.026,  0.073, -0.352
440,-12.987,  4.725, -4.733,  -0.080,  0.147, -0.969, -0.035,  0.072, -0.327
441, -7.118,  3.716,-11.716,  -0.055,  0.205, -0.932, -0.033,  0.071, -0.330
442, -5.802,  0.471,-12.382,  -0.058,  0.284, -1.030, -0.036,  0.062, -0.334
443, -1.660,  0.030, -4.718,  -0.078,  0.230, -1.033, -0.038,  0.065, -0.334
444,  9.264,  0.763, -4.464,  -0.126,  0.142, -0.984, -0.030,  0.076, -0.341
445, 10.826,  6.639, -9.922,  -0.055,  0.201, -1.032, -0.034,  0.082, -0.327
446,  9.428,  2.774,-17.129,  -0.053,  0.141, -1.065, -0.040,  0.087, -0.320
447,  0.897,  1.353, -7.910,  -0.073,  0.112, -0.996, -0.039,  0.107, -0.311
448,-52.300, -8.172, -2.953,  -0.072,  0.139, -0.965, -0.037,  0.097, -0.313
449,-28.494, -1.518, -6.699,  -0.097,  0.210, -1.044, -0.037,  0.077, -0.309
450, 21.660, -0.232,-26.431,  -0.076,  0.254, -1.101, -0.038,  0.089, -0.306
451, -5.780, 10.183, -9.555,  -0.111,  0.170, -0.986, -0.045,  0.098, -0.320
452,-10.198,  9.854,-11.447,  -0.058,  0.180, -1.042, -0.052,  0.082, -0.313
453, -4.030,  0.060,-10.408,  -0.099,  0.195, -0.959, -0.055,  0.091, -0.332
454, -4.815,  5.578, -2.579,  -0.129,  0.155, -1.027, -0.058,  0.097, -0.303
455, -5.623,  2.325, -1.944,  -0.110,  0.120, -1.030, -0.056,  0.091, -0.304
456, -4.404,  2.826, -4.531,  -0.091,  0.146, -1.047, -0.059,  0.099, -0.307
457,-11.372,  1.974, -6.976,  -0.076,  0.155, -0.954, -0.057,  0.094, -0.322
458, 43.179,-42.214,  4.090,  -0.053,  0.473, -0.863, -0.050,  0.105, -0.324
459,  3.880, -8.546, 13.062,  -0.267, -0.030, -1.146, -0.002,  0.128, -0.313
460, -8.015, 13.354, -1.144,  -0.234,  0.028, -1.054,  0.005,  0.117, -0.316
461, -7.910, 19.081,  3.260,  -0.247,  0.073, -1.106, -0.005,  0.122, -0.324
462,-12.000, 23.492,  0.860,  -0.142,  0.029, -0.939, -0.018,  0.103, -0.326
463,-13.974, 12.299,-10.811,  -0.081,  0.051, -0.842, -0.034,  0.102, -0.343
464,-17.010,  6.662, -9.204,  -0.027,  0.163, -1.006, -0.043,  0.084, -0.331
465, -8.733,  3.185, -4.755,  -0.026,  0.177, -1.075, -0.041,  0.087, -0.301
466, -7.290,  3.641, -6.064,  -0.083,  0.167, -1.000, -0.044,  0.093, -0.319
467, -8.853,  6.796, -6.378,  -0.017,  0.193, -0.997, -0.047,  0.084, -0.310
468, -7.365,  5.675, -3.985,  -0.038,  0.162, -1.020, -0.052,  0.072, -0.314
469, -6.953,  4.045, -7.028,  -0.030,  0.163, -1.000, -0.055,  0.088, -0.308
470, -2.094,  3.918, -9.817,  -0.071,  0.166, -0.957, -0.054,  0.077, -0.313
471, -8.770,  1.301, -7.567,  -0.018,  0.186, -1.024, -0.057,  0.081, -0.301
472, -6.333,  0.905, -5.002,  -0.034,  0.210, -1.013, -0.057,  0.077, -0.320
